,holder,port_value,default_type,default_amount,tradingview
0,Utopia Notifications,200000,CASH,10000.0,
1,Garud9,200000,CASH,10000.0,
2,dotcom,200000,CASH,10000.0,
3,didrick2,200000,CASH,10000.0,
4,Bernie888,200000,CASH,10000.0,
5,sanaa,200000,CASH,10000.0,
6,atice37,200000,CASH,10000.0,
7,k√∂bƒì,200000,CASH,10000.0,
8,white fox 88,200000,CASH,10000.0,
9,SammySnipes,200000,CASH,10000.0,
10,steve.,200000,CASH,10000.0,
11,tiphaniplace,200000,CASH,10000.0,
12,hugenbobbler,200000,CASH,10000.0,
13,charles bear claw,200000,CASH,10000.0,
14,IslandLife,200000,CASH,10000.0,
15,TJGeesus,200000,CASH,10000.0,
16,TB48,200000,CASH,10000.0,
17,leonelbilal,200000,CASH,10000.0,
18,wpohl39,200000,CASH,10000.0,
19,rexynaz,200000,CASH,10000.0,
20,Kweku,200000,CASH,10000.0,
21,Tommy_moore,200000,CASH,10000.0,
22,dalecampbell77,200000,CASH,10000.0,
23,brute force,200000,CASH,10000.0,
24,ivan951hdz,200000,CASH,10000.0,
25,IHaveSomeDemands,200000,CASH,10000.0,
26,darkknight,200000,CASH,10000.0,
27,Ernie,200000,CASH,10000.0,
28,Hadeed88,200000,CASH,10000.0,
29,QuickMaths502,200000,CASH,10000.0,
30,wow,200000,CASH,10000.0,aapawow
31,skydance,200000,CASH,10000.0,
32,PYR√ò,200000,CASH,10000.0,
33,kneira,200000,CASH,10000.0,
34,brenden williams,200000,CASH,10000.0,
35,Friitrading,200000,CASH,10000.0,
36,gooner5422,200000,CASH,10000.0,
37,ToAsTeRMiC,200000,CASH,10000.0,
38,ERIC,200000,CASH,10000.0,
39,xwilleyumx,200000,CASH,10000.0,
40,Certified Can,200000,CASH,10000.0,
41,SonnyIsMoney,200000,CASH,10000.0,
42,Staple17,200000,CASH,10000.0,
43,NewShoes,200000,CASH,10000.0,
44,joe trades,200000,CASH,10000.0,
45,alanman360,200000,CASH,10000.0,
46,chris1923,200000,CASH,10000.0,
47,vbbmet,200000,CASH,10000.0,
48,is,200000,CASH,10000.0,
49,domzomb3r,200000,CASH,10000.0,
50,Goaty,200000,CASH,10000.0,
51,CaPiFeEd,200000,CASH,10000.0,
52,samlomi,200000,CASH,10000.0,
53,Brandeelynv,200000,CASH,10000.0,
54,Eddy_Trades,200000,CASH,10000.0,
55,gacostaadt,200000,CASH,10000.0,
56,Ding,200000,CASH,10000.0,
57,saneel,200000,CASH,10000.0,
58,popsmokeworld,200000,CASH,10000.0,
59,Sylvain,200000,CASH,10000.0,
60,cjc,200000,CASH,10000.0,
61,deadboy,200000,CASH,10000.0,
62,Varun,200000,CASH,10000.0,
63,mohamed fathy,200000,CASH,10000.0,
64,Lordz Dmo,200000,CASH,10000.0,
65,colesumn954,200000,CASH,10000.0,
66,mawk,200000,CASH,10000.0,
67,Schmidtty,200000,CASH,10000.0,
68,Tayler_hughes,200000,CASH,10000.0,
69,Steven Snyder,200000,CASH,10000.0,
70,cockswinginclarke,200000,CASH,10000.0,
71,surya,200000,CASH,10000.0,
72,supplemental,200000,CASH,10000.0,
73,zuzo,200000,CASH,10000.0,
74,JackBull,200000,CASH,10000.0,
75,mf140691,200000,CASH,10000.0,
76,charan,200000,CASH,10000.0,
77,dougg,200000,CASH,10000.0,
78,muskitrader,200000,CASH,10000.0,
79,reno96,200000,CASH,10000.0,
80,dahonam,200000,CASH,10000.0,
81,lando.,200000,CASH,10000.0,
82,vadasambhar,200000,CASH,10000.0,
83,speedsam,200000,CASH,10000.0,
84,brunogrm05,200000,CASH,10000.0,
85,james-duncan-halpert,200000,CASH,10000.0,
86,Troubled Cookie,200000,CASH,10000.0,
87,yoyo,200000,CASH,10000.0,
88,Frankie39,200000,CASH,10000.0,
89,TylerTheCreationist,200000,CASH,10000.0,
90,ZCrowe12,200000,CASH,10000.0,
91,knoppsknives,200000,CASH,10000.0,
92,gzmn96,200000,CASH,10000.0,
93,PixelatedPixel,200000,CASH,10000.0,
94,1on1im,200000,CASH,10000.0,
95,gurudatta,200000,CASH,10000.0,
96,Z 98,200000,CASH,10000.0,
97,adams,200000,CASH,10000.0,
98,Bilicho,200000,CASH,10000.0,
99,Abu,200000,CASH,10000.0,
100,uknow619,200000,CASH,10000.0,
101,marqwezii,200000,CASH,10000.0,
102,princeva,200000,CASH,10000.0,
103,asarraf,200000,CASH,10000.0,
104,rwill,200000,CASH,10000.0,
105,DrScreamo,200000,CASH,10000.0,
106,Patrick Bateman,200000,CASH,10000.0,
107,Garretteasler,200000,CASH,10000.0,
108,BillsMafia,200000,CASH,10000.0,
109,AMP,200000,CASH,10000.0,
110,EDUARDO SCHMILINSKY,200000,CASH,10000.0,
111,erik4445,200000,CASH,10000.0,
112,187boss1,200000,CASH,10000.0,
113,shoe2189,200000,CASH,10000.0,
114,Neville,200000,CASH,10000.0,
115,Cary Strohecker,200000,CASH,10000.0,
116,za,200000,CASH,10000.0,
117,Icon Living,200000,CASH,10000.0,
118,OverDone,200000,CASH,10000.0,
119,Kiki,200000,CASH,10000.0,
120,rimmi22,200000,CASH,10000.0,
121,speedy,200000,CASH,10000.0,
122,klp,200000,CASH,10000.0,
123,lowkiii FX,200000,CASH,10000.0,
124,ptedeschi,200000,CASH,10000.0,
125,matteblackmatt,200000,CASH,10000.0,
126,Romz,200000,CASH,10000.0,
127,Neutronstar,200000,CASH,10000.0,
128,Khalid,200000,CASH,10000.0,
129,Tstrick,200000,CASH,10000.0,
130,Stock crusher,200000,CASH,10000.0,
131,neattoaster,200000,CASH,10000.0,
132,Hmcube,200000,CASH,10000.0,
133,john.faure,200000,CASH,10000.0,
134,hardypatel,200000,CASH,10000.0,
135,Theslashingjay,200000,CASH,10000.0,
136,moneytime,200000,CASH,10000.0,
137,elan,200000,CASH,10000.0,
138,ameer9931,200000,CASH,10000.0,
139,grande don,200000,CASH,10000.0,
140,Zayo2020,200000,CASH,10000.0,
141,jisitugstugs,200000,CASH,10000.0,
142,leba969,200000,CASH,10000.0,
143,Reza,200000,CASH,10000.0,
144,suraj,200000,CASH,10000.0,
145,thierry,200000,CASH,10000.0,
146,Ambitious Q,200000,CASH,10000.0,
147,Tarantass44,200000,CASH,10000.0,
148,Abel,200000,CASH,10000.0,
149,alexandra_vigen,200000,CASH,10000.0,
150,thebigguy,200000,CASH,10000.0,
151,juicedlikebonds,200000,CASH,10000.0,
152,donjohnthick,200000,CASH,10000.0,
153,ioe,200000,CASH,10000.0,
154,scottsven,200000,CASH,10000.0,
155,Biggaveli,200000,CASH,10000.0,
156,CK6,200000,CASH,10000.0,
157,nihal,200000,CASH,10000.0,
158,iamtri,200000,CASH,10000.0,
159,snipes,200000,CASH,10000.0,
160,ana-tina,200000,CASH,10000.0,
161,iamricky369,200000,CASH,10000.0,
162,Hammer,200000,CASH,10000.0,
163,Daisylily,200000,CASH,10000.0,
164,Red,200000,CASH,10000.0,
165,sabastyle,200000,CASH,10000.0,
166,Marcelino,200000,CASH,10000.0,
167,Westlee,200000,CASH,10000.0,
168,hmpj,200000,CASH,10000.0,
169,Dew,200000,CASH,10000.0,
170,MrWhite,200000,CASH,10000.0,
171,phindia,200000,CASH,10000.0,
172,Vol,200000,CASH,10000.0,
173,WKT0811,200000,CASH,10000.0,
174,golopogos,200000,CASH,10000.0,
175,ruskigoodz,200000,CASH,10000.0,
176,kayla,200000,CASH,10000.0,
177,gimmethaloot,200000,CASH,10000.0,
178,madc65,200000,CASH,10000.0,
179,Jaygattz,200000,CASH,10000.0,
180,NicQ,200000,CASH,10000.0,
181,JSAN302,200000,CASH,10000.0,
182,5Gals,200000,CASH,10000.0,
183,VicTheGreek,200000,CASH,10000.0,
184,LuisGar7,200000,CASH,10000.0,
185,gowtham,200000,CASH,10000.0,
186,Moe_apüëª,200000,CASH,10000.0,
187,johan .94,200000,CASH,10000.0,
188,Traderjoi,200000,CASH,10000.0,
189,parkerfreaking,200000,CASH,10000.0,
190,lifta,200000,CASH,10000.0,
191,ege_brrr,200000,CASH,10000.0,
192,HiImT,200000,CASH,10000.0,
193,MBAZA0,200000,CASH,10000.0,
194,Jdog,200000,CASH,10000.0,
195,Xenith95,200000,CASH,10000.0,
196,turnerthetrader,200000,CASH,10000.0,
197,gutier7,200000,CASH,10000.0,
198,jschuman012,200000,CASH,10000.0,
199,hanson,200000,CASH,10000.0,
200,prash,200000,CASH,10000.0,
201,DR1P,200000,CASH,10000.0,
202,zComp,200000,CASH,10000.0,
203,TheShinycharm,200000,CASH,10000.0,
204,nicholaslee1118,200000,CASH,10000.0,
205,Dick Branson,200000,CASH,10000.0,
206,HMS,200000,CASH,10000.0,
207,Siddhu,200000,CASH,10000.0,
208,matthews,200000,CASH,10000.0,
209,poshe,200000,CASH,10000.0,
210,jcarrillo8989,200000,CASH,10000.0,
211,almula,200000,CASH,10000.0,
212,kalebviolette,200000,CASH,10000.0,
213,Neima,200000,CASH,10000.0,
214,Mamaa_mia,200000,CASH,10000.0,
215,ùìîùì∂ùìπùìÆùìªùì∏ùìª ùì¢ùìÆùìøùì≤,200000,CASH,10000.0,
216,Manuel247,200000,CASH,10000.0,
217,dreamer1221,200000,CASH,10000.0,
218,Alberto,200000,CASH,10000.0,
219,hemoglobin,200000,CASH,10000.0,
220,Coinmaster,200000,CASH,10000.0,
221,sam_c,200000,CASH,10000.0,
222,Millzsix,200000,CASH,10000.0,
223,DavidJones21,200000,CASH,10000.0,
224,rroman213,200000,CASH,10000.0,
225,Sharkie69,200000,CASH,10000.0,
226,Utopia Trading,200000,CASH,10000.0,
227,KoryBear,200000,CASH,10000.0,
228,RN2FXjunkie,200000,CASH,10000.0,
229,SGT_ESCO,200000,CASH,10000.0,
230,LDREY,200000,CASH,10000.0,
231,Dr-Bishlap,200000,CASH,10000.0,
232,McLovin,200000,CASH,10000.0,
233,Its_Mois,200000,CASH,10000.0,
234,dc1,200000,CASH,10000.0,
235,Aguevara,200000,CASH,10000.0,
236,sivapudi,200000,CASH,10000.0,
237,nathanf,200000,CASH,10000.0,
238,Shmurda,200000,CASH,10000.0,
239,lilay,200000,CASH,10000.0,
240,iGameToBe,200000,CASH,10000.0,
241,Tiffany,200000,CASH,10000.0,
242,Oscar Dass,200000,CASH,10000.0,
243,kilmercald,200000,CASH,10000.0,
244,Yuvani,200000,CASH,10000.0,
245,kermanog,200000,CASH,10000.0,
246,Gilmer,200000,CASH,10000.0,
247,Josephma4321,200000,CASH,10000.0,
248,zwitterion,200000,CASH,10000.0,
249,los,200000,CASH,10000.0,
250,rtzz,200000,CASH,10000.0,
251,ribs,200000,CASH,10000.0,
252,Bwayu,200000,CASH,10000.0,
253,Andy2706,200000,CASH,10000.0,
254,Gilmar,200000,CASH,10000.0,
255,_meh,200000,CASH,10000.0,
256,Joel,200000,CASH,10000.0,
257,Huncho,200000,CASH,10000.0,
258,ivang,200000,CASH,10000.0,
259,Jakethwsnake1997,200000,CASH,10000.0,
260,hqtran1,200000,CASH,10000.0,
261,Turk,200000,CASH,10000.0,
262,Almas,200000,CASH,10000.0,
263,Junior6647,200000,CASH,10000.0,
264,kocomo219,200000,CASH,10000.0,
265,bri_7302,200000,CASH,10000.0,
266,Bert,200000,CASH,10000.0,
267,MrLongTime,200000,CASH,10000.0,
268,idkmikee,200000,CASH,10000.0,
269,Singham,200000,CASH,10000.0,
270,MrMan978,200000,CASH,10000.0,
271,nickyb,200000,CASH,10000.0,
272,aebrown,200000,CASH,10000.0,
273,pimpmasta,200000,CASH,10000.0,
274,kidclutch222,200000,CASH,10000.0,
275,eylen96,200000,CASH,10000.0,
276,joshua143in,200000,CASH,10000.0,
277,CWabund,200000,CASH,10000.0,
278,Dice,200000,CASH,10000.0,
279,Exception247,200000,CASH,10000.0,
280,adan,200000,CASH,10000.0,
281,inofriends,200000,CASH,10000.0,
282,Geo33,200000,CASH,10000.0,
283,danny242424,200000,CASH,10000.0,
284,cl,200000,CASH,10000.0,
285,waralstyle,200000,CASH,10000.0,
286,rico Jackson,200000,CASH,10000.0,
287,joey4x,200000,CASH,10000.0,
288,eclixotic,200000,CASH,10000.0,
289,marcusdoitbetter,200000,CASH,10000.0,
290,Danmar89,200000,CASH,10000.0,
291,ClassicOptionz,200000,CASH,10000.0,
292,simonsayz,200000,CASH,10000.0,
293,Randall Jessie,200000,CASH,10000.0,
294,MrBigShot,200000,CASH,10000.0,
295,shlatemyg,200000,CASH,10000.0,
296,Sanket P,200000,CASH,10000.0,
297,puleqe3e3,200000,CASH,10000.0,
298,kyle_gemini,200000,CASH,10000.0,
299,Michael_me,200000,CASH,10000.0,
300,wesleyyyyy,200000,CASH,10000.0,
301,rustypod,200000,CASH,10000.0,
302,Shay,200000,CASH,10000.0,
303,Tubsy,200000,CASH,10000.0,
304,Real Moses,200000,CASH,10000.0,
305,Jinxxe,200000,CASH,10000.0,
306,bulletdreams,200000,CASH,10000.0,
307,lepenseur90,200000,CASH,10000.0,
308,Moses_Millionaire,200000,CASH,10000.0,
309,Randy,200000,CASH,10000.0,
310,tdavid,200000,CASH,10000.0,
311,JamesA,200000,CASH,10000.0,
312,creamiepye,200000,CASH,10000.0,
313,Deuce,200000,CASH,10000.0,
314,AmmoZ,200000,CASH,10000.0,
315,üìàSignalDawgüìâ,200000,CASH,10000.0,
316,Adam B,200000,CASH,10000.0,
317,jwrbacon1,200000,CASH,10000.0,
318,peezymoney,200000,CASH,10000.0,
319,B r a n d o n,200000,CASH,10000.0,
320,Elrick,200000,CASH,10000.0,
321,danielch,200000,CASH,10000.0,
322,yehfreedawa,200000,CASH,10000.0,
323,joefos71,200000,CASH,10000.0,
324,Cam09,200000,CASH,10000.0,
325,HugoEBarrera,200000,CASH,10000.0,
326,Deeds,200000,CASH,10000.0,
327,Hawkeye,200000,CASH,10000.0,
328,ClassicK,200000,CASH,10000.0,
329,NNaglic,200000,CASH,10000.0,
330,janell582,200000,CASH,10000.0,
331,SinkorSwim,200000,CASH,10000.0,
332,jjhawkes,200000,CASH,10000.0,
333,djstaceyds92,200000,CASH,10000.0,
334,lilsimmy305,200000,CASH,10000.0,
335,Dconn23,200000,CASH,10000.0,
336,juanex321,200000,CASH,10000.0,
337,$tock$niper,200000,CASH,10000.0,
338,ILuvSnkrs123,200000,CASH,10000.0,
339,jmlugo15,200000,CASH,10000.0,
340,thouxanbanjames,200000,CASH,10000.0,
341,Jara300zx,200000,CASH,10000.0,
342,vito,200000,CASH,10000.0,
343,Cum Lord,200000,CASH,10000.0,
344,trippymoe_,200000,CASH,10000.0,
345,0neoff107,200000,CASH,10000.0,
346,Darion S.,200000,CASH,10000.0,
347,ManPrint,200000,CASH,10000.0,
348,messymarv,200000,CASH,10000.0,
349,Linkxzs,200000,CASH,10000.0,
350,Joey4x,200000,CASH,10000.0,
351,jp0169,200000,CASH,10000.0,
352,samuel.44,200000,CASH,10000.0,
353,Rafaelerivasrer 013,200000,CASH,10000.0,
354,AJ,200000,CASH,10000.0,
355,mnslim,200000,CASH,10000.0,
356,JRD,200000,CASH,10000.0,
357,Jayyyy,200000,CASH,10000.0,
358,zulu,200000,CASH,10000.0,
359,crimking,200000,CASH,10000.0,
360,Revo,200000,CASH,10000.0,
361,Elias_Al,200000,CASH,10000.0,
362,pricyicy,200000,CASH,10000.0,
363,ü§ëYESHUA IS KINGü§ë,200000,CASH,10000.0,
364,Chris das,200000,CASH,10000.0,
365,Kate.Vee,200000,CASH,10000.0,
366,iesha.marie,200000,CASH,10000.0,
367,TCR-Reaper,200000,CASH,10000.0,
368,mr.tendies,200000,CASH,10000.0,
369,ksathish855,200000,CASH,10000.0,
370,JamesA,200000,CASH,10000.0,
371,byebye,200000,CASH,10000.0,
372,walmart jesus,200000,CASH,10000.0,
373,ND12,200000,CASH,10000.0,
374,Upgrade.Chat,200000,CASH,10000.0,
375,mo777,200000,CASH,10000.0,
376,mark29,200000,CASH,10000.0,
377,amercadom,200000,CASH,10000.0,
378,keckler07,200000,CASH,10000.0,
379,GP,200000,CASH,10000.0,
380,Danruiz,200000,CASH,10000.0,
381,mitch_mugabe,200000,CASH,10000.0,
382,JayTee,200000,CASH,10000.0,
383,combatvetvlogger,200000,CASH,10000.0,
384,BZGUH,200000,CASH,10000.0,
385,kenzdasniper,200000,CASH,10000.0,
386,andrewbarba,200000,CASH,10000.0,
387,nanizafakku,200000,CASH,10000.0,
388,DJGhostWalker,200000,CASH,10000.0,
389,drippydrew,200000,CASH,10000.0,
390,syd,200000,CASH,10000.0,
391,mumair88,200000,CASH,10000.0,
392,Hugog,200000,CASH,10000.0,
393,bh_king,200000,CASH,10000.0,
394,jake326,200000,CASH,10000.0,
395,shoobyfx,200000,CASH,10000.0,
396,Note Dijeron,200000,CASH,10000.0,
397,AD,200000,CASH,10000.0,
398,Waylan,200000,CASH,10000.0,
399,kaptain kaoz,200000,CASH,10000.0,
400,Mauro.Trader,200000,CASH,10000.0,
401,Eric Lewis,200000,CASH,10000.0,
402,Dcalixte21,200000,CASH,10000.0,
403,DL,200000,CASH,10000.0,
404,medic8,200000,CASH,10000.0,
405,DG4LWeezy,200000,CASH,10000.0,
406,glazeddonut58,200000,CASH,10000.0,
407,MrStircrazy,200000,CASH,10000.0,
408,Cammiot,200000,CASH,10000.0,
409,Mcolwell22,200000,CASH,10000.0,
410,Jafar,200000,CASH,10000.0,
411,Jay.P,200000,CASH,10000.0,
412,Pater,200000,CASH,10000.0,
413,Andreychuk,200000,CASH,10000.0,
414,DC GOGO,200000,CASH,10000.0,
415,marianavalue,200000,CASH,10000.0,
416,michaelpatenaude,200000,CASH,10000.0,
417,trumpcard,200000,CASH,10000.0,
418,nikki b,200000,CASH,10000.0,
419,Ôº¢ÔΩåÔΩÅÔΩÉÔΩãÔº≥ÔΩéÔΩèÔΩóÂ∏åÊúõ,200000,CASH,10000.0,
420,Joseph,200000,CASH,10000.0,
421,geti012,200000,CASH,10000.0,
422,IceCreamTea,200000,CASH,10000.0,
423,lamboverrice,200000,CASH,10000.0,
424,Key,200000,CASH,10000.0,
425,TSaint,200000,CASH,10000.0,
426,chunterbg,200000,CASH,10000.0,
427,Raj,200000,CASH,10000.0,
428,adrian1920,200000,CASH,10000.0,
429,ItsLee03,200000,CASH,10000.0,
430,jidikirhvg,200000,CASH,10000.0,
431,FreeYourself,200000,CASH,10000.0,
432,Giovanny,200000,CASH,10000.0,
433,Raja INC,200000,CASH,10000.0,
434,blcho,200000,CASH,10000.0,
435,insanity_within,200000,CASH,10000.0,
436,JeffTK,200000,CASH,10000.0,
437,josh.k,200000,CASH,10000.0,
438,redmun,200000,CASH,10000.0,
439,filipinoonice,200000,CASH,10000.0,
440,Numbz,200000,CASH,10000.0,
441,majorfire11,200000,CASH,10000.0,
442,jz,200000,CASH,10000.0,
443,SvLD,200000,CASH,10000.0,
444,Rambo78746,200000,CASH,10000.0,
445,lubriderm,200000,CASH,10000.0,
446,Pnivar,200000,CASH,10000.0,
447,brad343,200000,CASH,10000.0,
448,sule,200000,CASH,10000.0,
449,emraht,200000,CASH,10000.0,
450,kwegman,200000,CASH,10000.0,
451,DenniSant,200000,CASH,10000.0,
452,Cee,200000,CASH,10000.0,
453,GiveawayBot,200000,CASH,10000.0,
454,Tcopp,200000,CASH,10000.0,
455,ron,200000,CASH,10000.0,
456,william boone,200000,CASH,10000.0,
457,Wells,200000,CASH,10000.0,
458,Gashadokuro,200000,CASH,10000.0,
459,Jay2323,200000,CASH,10000.0,
460,european,200000,CASH,10000.0,
461,alphamonez,200000,CASH,10000.0,
462,BigLifeGreg,200000,CASH,10000.0,
463,trader51,200000,CASH,10000.0,
464,Jondo Fett,200000,CASH,10000.0,
465,Imotiv82289453,200000,CASH,10000.0,
466,a123,200000,CASH,10000.0,
467,whatitdobaby,200000,CASH,10000.0,
468,cjsosa13,200000,CASH,10000.0,
469,Ian Buosi,200000,CASH,10000.0,
470,you're_welcome_benny,200000,CASH,10000.0,
471,ldrf32ke3,200000,CASH,10000.0,
472,dmas,200000,CASH,10000.0,
473,tradingkingzz,200000,CASH,10000.0,
474,Saurabh26t,200000,CASH,10000.0,
475,savagekingz,200000,CASH,10000.0,
476,contigo,200000,CASH,10000.0,
477,vtech00,200000,CASH,10000.0,
478,Turbo,200000,CASH,10000.0,
479,Aaaron,200000,CASH,10000.0,
480,smile,200000,CASH,10000.0,
481,Kocoshanel,200000,CASH,10000.0,
482,pedrimusprime,200000,CASH,10000.0,
483,Zizixixixi,200000,CASH,10000.0,
484,playboijah,200000,CASH,10000.0,
485,thadude8,200000,CASH,10000.0,
486,davidlatrella,200000,CASH,10000.0,
487,Bregorb,200000,CASH,10000.0,
488,mansamusa,200000,CASH,10000.0,
489,Ankush B,200000,CASH,10000.0,
490,Illusionz,200000,CASH,10000.0,
491,Candaceallen2006,200000,CASH,10000.0,
492,üêªFOMO_Bearüêª,200000,CASH,10000.0,
493,julie0907,200000,CASH,10000.0,
494,rmcl38,200000,CASH,10000.0,
495,slim,200000,CASH,10000.0,
496,üëΩüí™üèº,200000,CASH,10000.0,
497,amrit1989,200000,CASH,10000.0,
498,darin2stackmore,200000,CASH,10000.0,
499,gbmrocks,200000,CASH,10000.0,
500,Ritz Trades,200000,CASH,10000.0,
501,kd23,200000,CASH,10000.0,
502,rt38,200000,CASH,10000.0,
503,THECUTTERüí∏üî™,200000,CASH,10000.0,
504,21abomas,200000,CASH,10000.0,
505,kt,200000,CASH,10000.0,
506,$BHP To $65,200000,CASH,10000.0,
507,jtnix,200000,CASH,10000.0,
508,buzto,200000,CASH,10000.0,
509,DMR,200000,CASH,10000.0,
510,DannyUX,200000,CASH,10000.0,
511,scoobydoo,200000,CASH,10000.0,
512,Conradc20,200000,CASH,10000.0,
513,victor,200000,CASH,10000.0,
514,KMurali,200000,CASH,10000.0,
515,kareem,200000,CASH,10000.0,
516,tx577,200000,CASH,10000.0,
517,GroomGod,200000,CASH,10000.0,
518,tina1221,200000,CASH,10000.0,
519,Basehit500,200000,CASH,10000.0,
520,brian30,200000,CASH,10000.0,
521,mike viv,200000,CASH,10000.0,
522,Utopia Maintenance,200000,CASH,10000.0,
523,basskiller,200000,CASH,10000.0,
524,dean1990,200000,CASH,10000.0,
525,bouya,200000,CASH,10000.0,
526,drewski,200000,CASH,10000.0,
527,yonatal,200000,CASH,10000.0,
528,Quadz,200000,CASH,10000.0,
529,adrielgonzalez,200000,CASH,10000.0,
530,RyanD,200000,CASH,10000.0,
531,kennix,200000,CASH,10000.0,
532,Nahome,200000,CASH,10000.0,
533,JayVee,200000,CASH,10000.0,
534,Ravi,200000,CASH,10000.0,
535,Justin Clark,200000,CASH,10000.0,
536,Patel.krunal,200000,CASH,10000.0,
537,ElMeroMero,200000,CASH,10000.0,
538,YH,200000,CASH,10000.0,
539,abuali23-2780416,200000,CASH,10000.0,
540,Yahzr,200000,CASH,10000.0,
541,CRiddick,200000,CASH,10000.0,
542,Bonsmoth,200000,CASH,10000.0,
543,CallMeParker,200000,CASH,10000.0,
544,jaygoode,200000,CASH,10000.0,
545,GB,200000,CASH,10000.0,
546,Stampede,200000,CASH,10000.0,
547,Tomjoseph1992,200000,CASH,10000.0,
548,Cole G.,200000,CASH,10000.0,
549,Charlie13,200000,CASH,10000.0,
550,kuzz21497,200000,CASH,10000.0,
551,kale,200000,CASH,10000.0,
552,FrostyX2,200000,CASH,10000.0,
553,jeffrey B,200000,CASH,10000.0,
554,rao,200000,CASH,10000.0,
555,DiegoF,200000,CASH,10000.0,
556,IGetsIt_DONE,200000,CASH,10000.0,
557,Noah89,200000,CASH,10000.0,
558,Money Mikeüëë,200000,CASH,10000.0,
559,DonDraper,200000,CASH,10000.0,
560,NoobInvestor,200000,CASH,10000.0,
561,SIMONOVICH,200000,CASH,10000.0,
562,Nemo,200000,CASH,10000.0,
563,Oliver Orlando,200000,CASH,10000.0,
564,stormz,200000,CASH,10000.0,
565,bman0206,200000,CASH,10000.0,
566,brianam,200000,CASH,10000.0,
567,utopia options,200000,CASH,10000.0,
568,MagicMike,200000,CASH,10000.0,
569,NoMoFOMO,200000,CASH,10000.0,
570,SnatchCrusher,200000,CASH,10000.0,
571,javadaba,200000,CASH,10000.0,
572,Sinister ü§°,200000,CASH,10000.0,
573,lovelubana,200000,CASH,10000.0,
574,Solo73,200000,CASH,10000.0,
575,ZankTheTank,200000,CASH,10000.0,
576,OptionsFamBot,200000,CASH,10000.0,
577,kio1989,200000,CASH,10000.0,
578,paulvols10,200000,CASH,10000.0,
579,SameDayTrade,200000,CASH,10000.0,
580,Manny,200000,CASH,10000.0,
581,jai,200000,CASH,10000.0,
582,Thephltr,200000,CASH,10000.0,
583,Detective,200000,CASH,10000.0,
584,dankrause,200000,CASH,10000.0,
585,ahmed37,200000,CASH,10000.0,
586,W0rLDWaR4,200000,CASH,10000.0,
587,DeDeb2014,200000,CASH,10000.0,
588,kprigs,200000,CASH,10000.0,
589,NickIannone,200000,CASH,10000.0,
590,AG Ghostz,200000,CASH,10000.0,
591,javier,200000,CASH,10000.0,
592,ryahjohn,200000,CASH,10000.0,
593,nonperformer,200000,CASH,10000.0,
594,optionstreet68,200000,CASH,10000.0,
595,Chelsea,200000,CASH,10000.0,
596,nenumeepapa,200000,CASH,10000.0,
597,gnarcia,200000,CASH,10000.0,
598,forusdoordie,200000,CASH,10000.0,
599,HERRERA,200000,CASH,10000.0,
600,Wade,200000,CASH,10000.0,
601,kent79010,200000,CASH,10000.0,
602,itsArno,200000,CASH,10000.0,
603,ser6od,200000,CASH,10000.0,
604,Nidangeri,200000,CASH,10000.0,
605,Jerseyb2006,200000,CASH,10000.0,
606,ashulga,200000,CASH,10000.0,
607,Stephen ABQ,200000,CASH,10000.0,
608,TLF213,200000,CASH,10000.0,
609,imanoj18,200000,CASH,10000.0,
610,De La O,200000,CASH,10000.0,
611,Ramcantu78,200000,CASH,10000.0,
612,Junieb94,200000,CASH,10000.0,
613,pantje,200000,CASH,10000.0,
614,surya,200000,CASH,10000.0,
615,its.daiana,200000,CASH,10000.0,
616,Metamorphoo,200000,CASH,10000.0,
617,shion,200000,CASH,10000.0,
618,migz,200000,CASH,10000.0,
619,jjjet,200000,CASH,10000.0,
620,Bot,200000,CASH,10000.0,
621,virginmary,200000,CASH,10000.0,
622,alexluth716,200000,CASH,10000.0,
623,Memo,200000,CASH,10000.0,
624,jbond,200000,CASH,10000.0,
625,sasankarupesh,200000,CASH,10000.0,
626,cucci,200000,CASH,10000.0,
627,Monkiki,200000,CASH,10000.0,
628,Van,200000,CASH,10000.0,
629,Myzone4ever,200000,CASH,10000.0,
630,davethedriver,200000,CASH,10000.0,
631,eloco,200000,CASH,10000.0,
632,RyanGsr,200000,CASH,10000.0,
633,Jas_alexan,200000,CASH,10000.0,
634,tristanthegreat_,200000,CASH,10000.0,
635,Vijay,200000,CASH,10000.0,
636,majesticrhythm,200000,CASH,10000.0,
637,gobucks,200000,CASH,10000.0,
638,vasan8765,200000,CASH,10000.0,
639,JusGainz,200000,CASH,10000.0,
640,willy t,200000,CASH,10000.0,
641,Charan,200000,CASH,10000.0,
642,BeezyCapital,200000,CASH,10000.0,
643,gwalaween,200000,CASH,10000.0,
644,hearn30,200000,CASH,10000.0,
645,Mastermindcapitalgroup,200000,CASH,10000.0,
646,Max2k20,200000,CASH,10000.0,
647,Frank33,200000,CASH,10000.0,
648,Tstark01,200000,CASH,10000.0,
649,Fili,200000,CASH,10000.0,
650,Danners00,200000,CASH,10000.0,
651,Rebrawl,200000,CASH,10000.0,
652,Gene,200000,CASH,10000.0,
653,robby,200000,CASH,10000.0,
654,si,200000,CASH,10000.0,
655,rogabor,200000,CASH,10000.0,
656,Tom Boone,200000,CASH,10000.0,
657,Big Raf,200000,CASH,10000.0,
658,chinola,200000,CASH,10000.0,
659,rikipatel,200000,CASH,10000.0,
660,kungfubaba,200000,CASH,10000.0,
661,bcao_,200000,CASH,10000.0,
662,Asandoval,200000,CASH,10000.0,
663,k-webb,200000,CASH,10000.0,
664,Ty,200000,CASH,10000.0,
665,Gallo,200000,CASH,10000.0,
666,poppychullo2k,200000,CASH,10000.0,
667,StockBot,200000,CASH,10000.0,
668,vadiks,200000,CASH,10000.0,
669,grobtwo,200000,CASH,10000.0,
670,BeastRWK,200000,CASH,10000.0,
671,D rain,200000,CASH,10000.0,
672,mashetty7,200000,CASH,10000.0,
673,coldnut,200000,CASH,10000.0,
674,justLily,200000,CASH,10000.0,
675,sjoberg_22,200000,CASH,10000.0,
676,Ganesh,200000,CASH,10000.0,
677,capitalmoore,200000,CASH,10000.0,
678,ThatStockTaken,200000,CASH,10000.0,
679,Sparky,200000,CASH,10000.0,
680,Saahajm,200000,CASH,10000.0,
681,BigChiefahX,200000,CASH,10000.0,
682,timex18,200000,CASH,10000.0,
683,Croth51,200000,CASH,10000.0,
684,antonia7424,200000,CASH,10000.0,
685,ahntsum,200000,CASH,10000.0,
686,Nag,200000,CASH,10000.0,
687,Fuz,200000,CASH,10000.0,
688,TraderJus,200000,CASH,10000.0,
689,Wrinklebeast,200000,CASH,10000.0,
690,Kal,200000,CASH,10000.0,
691,austin,200000,CASH,10000.0,
692,Mindlessmentor,200000,CASH,10000.0,
693,Catch_hands808,200000,CASH,10000.0,
694,BeTranscendent,200000,CASH,10000.0,
695,"Bond, James Bond",200000,CASH,10000.0,
696,mech25,200000,CASH,10000.0,
697,ladawda,200000,CASH,10000.0,
698,abubekera,200000,CASH,10000.0,
699,russellnoonan,200000,CASH,10000.0,
700,newjackcity9,200000,CASH,10000.0,
701,Blazer,200000,CASH,10000.0,
702,liukaanng,200000,CASH,10000.0,
703,talam,200000,CASH,10000.0,
704,markiy12,200000,CASH,10000.0,
705,Mcwizard,200000,CASH,10000.0,
706,saucetin,200000,CASH,10000.0,
707,Rory Schultz,200000,CASH,10000.0,
708,Zman,200000,CASH,10000.0,
709,lewiskhari9,200000,CASH,10000.0,
710,Randy Shaft,200000,CASH,10000.0,
711,fern_trades,200000,CASH,10000.0,
712,vahnroyjr,200000,CASH,10000.0,
713,7zeus7,200000,CASH,10000.0,
714,SarahRad,200000,CASH,10000.0,
715,desiprogrammer,200000,CASH,10000.0,
716,taimooreD,200000,CASH,10000.0,
717,Zkrueger07,200000,CASH,10000.0,
718,Partheory,200000,CASH,10000.0,
719,Seb(),200000,CASH,10000.0,
720,Chemo111987,200000,CASH,10000.0,
721,Manny,200000,CASH,10000.0,
722,thepixel,200000,CASH,10000.0,
723,bubba,200000,CASH,10000.0,
724,clark kent,200000,CASH,10000.0,
725,RickyC,200000,CASH,10000.0,
726,Snipes,200000,CASH,10000.0,
727,Maximus,200000,CASH,10000.0,
728,alberto,200000,CASH,10000.0,
729,xecureid,200000,CASH,10000.0,
730,K3,200000,CASH,10000.0,
731,Maaz,200000,CASH,10000.0,
732,RaulV,200000,CASH,10000.0,
733,ajscofield,200000,CASH,10000.0,
734,rranderia,200000,CASH,10000.0,
735,LeeroyJenkins,200000,CASH,10000.0,
736,lailahrobinson,200000,CASH,10000.0,
737,YungStallionIII,200000,CASH,10000.0,
738,MOE,200000,CASH,10000.0,
739,sneeze,200000,CASH,10000.0,
740,Ecs,200000,CASH,10000.0,
741,RichByMoneday,200000,CASH,10000.0,
742,alfakeny1,200000,CASH,10000.0,
743,therealyoungari,200000,CASH,10000.0,
744,aziz,200000,CASH,10000.0,
745,mace2fresh,200000,CASH,10000.0,
746,Austin,200000,CASH,10000.0,
747,rey,200000,CASH,10000.0,
748,no name,200000,CASH,10000.0,
749,Bscured19,200000,CASH,10000.0,
750,Chuck,200000,CASH,10000.0,
751,Amit,200000,CASH,10000.0,
752,asiangolfer76,200000,CASH,10000.0,
753,nemo,200000,CASH,10000.0,
754,trevor,200000,CASH,10000.0,
755,fchon001,200000,CASH,10000.0,
756,fresh prynce,200000,CASH,10000.0,
757,vazulh,200000,CASH,10000.0,
758,omar1507,200000,CASH,10000.0,
759,smile,200000,CASH,10000.0,
760,brianlfontenot,200000,CASH,10000.0,
761,GG92,200000,CASH,10000.0,
762,Mori,200000,CASH,10000.0,
763,Yoo,200000,CASH,10000.0,
764,Capecod,200000,CASH,10000.0,
765,PG803,200000,CASH,10000.0,
766,Mackbluey,200000,CASH,10000.0,
767,Waco_joeboy64,200000,CASH,10000.0,
768,bigchonk,200000,CASH,10000.0,
769,eluminati,200000,CASH,10000.0,
770,vailimapapi,200000,CASH,10000.0,
771,JustJosh,200000,CASH,10000.0,
772,ghoulbreak,200000,CASH,10000.0,
773,avi,200000,CASH,10000.0,
774,Yannithe8A,200000,CASH,10000.0,
775,theguch,200000,CASH,10000.0,
776,lilman1115,200000,CASH,10000.0,
777,Monehflooka,200000,CASH,10000.0,
778,drayday,200000,CASH,10000.0,
779,migueljrr,200000,CASH,10000.0,
780,DrocknessMonsta,200000,CASH,10000.0,
781,The Bear,200000,CASH,10000.0,
782,ouy,200000,CASH,10000.0,
783,Nikkiy,200000,CASH,10000.0,
784,dhiren2000,200000,CASH,10000.0,
785,Visvim,200000,CASH,10000.0,
786,RamziHaseeb,200000,CASH,10000.0,
787,EQUALITY 777,200000,CASH,10000.0,
788,Alkene,200000,CASH,10000.0,
789,Guy703,200000,CASH,10000.0,
790,victor4236,200000,CASH,10000.0,
791,tweaker.101,200000,CASH,10000.0,
792,Turka66,200000,CASH,10000.0,
793,Hanz,200000,CASH,10000.0,
794,cryptoenchanter,200000,CASH,10000.0,
795,phatcaptain,200000,CASH,10000.0,
796,itachi,200000,CASH,10000.0,
797,Bt,200000,CASH,10000.0,
798,üí∞InsideTrades,200000,CASH,10000.0,
799,AzariaGezahegn,200000,CASH,10000.0,
800,alex2020,200000,CASH,10000.0,
801,TJ,200000,CASH,10000.0,
802,yesi,200000,CASH,10000.0,
803,Mpatel1121,200000,CASH,10000.0,
804,TheBigStinky,200000,CASH,10000.0,
805,Enriched,200000,CASH,10000.0,
806,rahines,200000,CASH,10000.0,
807,It‚Äôs Too Easy,200000,CASH,10000.0,
808,dizzi,200000,CASH,10000.0,
809,don.carlos,200000,CASH,10000.0,
810,Taveras28,200000,CASH,10000.0,
811,blackhammer,200000,CASH,10000.0,
812,Itz,200000,CASH,10000.0,
813,kishkish96,200000,CASH,10000.0,
814,MattR83,200000,CASH,10000.0,
815,ARL üèéüèçüí®  üöìüöì,200000,CASH,10000.0,
816,Jeffrey James 2844651,200000,CASH,10000.0,
817,Bernieforyou19,200000,CASH,10000.0,
818,Melvin,200000,CASH,10000.0,
819,sharum,200000,CASH,10000.0,
820,Support Staff,200000,CASH,10000.0,
821,Patoü¶Ü,200000,CASH,10000.0,
822,LucasHudson25,200000,CASH,10000.0,
823,tbdfox,200000,CASH,10000.0,
824,NDaBlack,200000,CASH,10000.0,
825,Qu,200000,CASH,10000.0,
826,Jhin,200000,CASH,10000.0,
827,Exadius,200000,CASH,10000.0,
828,onlive,200000,CASH,10000.0,
829,louieb111,200000,CASH,10000.0,
830,golfstud,200000,CASH,10000.0,
831,sharky,200000,CASH,10000.0,
832,Nok88,200000,CASH,10000.0,
833,BoomBoomAmir,200000,CASH,10000.0,
834,martikmontoya,200000,CASH,10000.0,
835,TheKountdownZCE,200000,CASH,10000.0,
836,jakelicious21,200000,CASH,10000.0,
837,Yesid,200000,CASH,10000.0,
838,fadyattal,200000,CASH,10000.0,
839,miguelito,200000,CASH,10000.0,
840,dbrownjave,200000,CASH,10000.0,
841,number1kid,200000,CASH,10000.0,
842,MMTrade,200000,CASH,10000.0,
843,DJones2,200000,CASH,10000.0,
844,Stock$talker,200000,CASH,10000.0,
845,axer,200000,CASH,10000.0,
846,PocketChange,200000,CASH,10000.0,
847,brogrammer,200000,CASH,10000.0,
848,ballboy0211,200000,CASH,10000.0,
849,alber.ramirez,200000,CASH,10000.0,
850,henrich777,200000,CASH,10000.0,
851,goldenlife,200000,CASH,10000.0,
852,Moneyyoverall,200000,CASH,10000.0,
853,la4gia,200000,CASH,10000.0,
854,adrian0072,200000,CASH,10000.0,
855,MoneyJR,200000,CASH,10000.0,
856,MacNamedJake,200000,CASH,10000.0,
857,dklamine,200000,CASH,10000.0,
858,bodeinebrazy,200000,CASH,10000.0,
859,Utopia Ratings BOT,200000,CASH,10000.0,
860,Qeyden the Great,200000,CASH,10000.0,
861,Lucio ü¶Å,200000,CASH,10000.0,
862,young757,200000,CASH,10000.0,
863,Sanders,200000,CASH,10000.0,
864,kaigotkickss,200000,CASH,10000.0,
865,khagen35,200000,CASH,10000.0,
866,andrewam1n,200000,CASH,10000.0,
867,freedom,200000,CASH,10000.0,
868,Pragadeesh,200000,CASH,10000.0,
869,jantoG80,200000,CASH,10000.0,
870,xyco.n,200000,CASH,10000.0,
871,bigtex57,200000,CASH,10000.0,
872,cMoneyüí∞,200000,CASH,10000.0,
873,Maxman1225,200000,CASH,10000.0,
874,Member Count,200000,CASH,10000.0,
875,nadav__10,200000,CASH,10000.0,
876,tony93,200000,CASH,10000.0,
877,kyliegobrazy,200000,CASH,10000.0,
878,Kryptonik,200000,CASH,10000.0,
879,lil_Bull,200000,CASH,10000.0,
880,Gee,200000,CASH,10000.0,
881,Aaranguren,200000,CASH,10000.0,
882,tigerdonkey,200000,CASH,10000.0,
883,lh0537,200000,CASH,10000.0,
884,jondon,200000,CASH,10000.0,
885,leadpumpatrent,200000,CASH,10000.0,
886,Ducci,200000,CASH,10000.0,
887,WillTrades,200000,CASH,10000.0,
888,bakamatto,200000,CASH,10000.0,
889,EricB2019,200000,CASH,10000.0,
890,JA,200000,CASH,10000.0,
891,Sim,200000,CASH,10000.0,
892,Julio M,200000,CASH,10000.0,
893,gunnerfab,200000,CASH,10000.0,
894,ALLiN,200000,CASH,10000.0,
895,rags,200000,CASH,10000.0,
896,Miami,200000,CASH,10000.0,
897,Caesar,200000,CASH,10000.0,
898,TriiipleV,200000,CASH,10000.0,
899,Kevin Guzman 2907491,200000,CASH,10000.0,
900,Tomas Moore,200000,CASH,10000.0,
901,junior250,200000,CASH,10000.0,
902,buraktexs,200000,CASH,10000.0,
903,cast8,200000,CASH,10000.0,
904,TWL007,200000,CASH,10000.0,
905,brotherjoe,200000,CASH,10000.0,
906,Lio571,200000,CASH,10000.0,
907,HeinzMayo,200000,CASH,10000.0,
908,Ahmad,200000,CASH,10000.0,
909,Makemoney888,200000,CASH,10000.0,
910,KomplexMe,200000,CASH,10000.0,
911,Willontheradio,200000,CASH,10000.0,
912,punchingstarvingkids,200000,CASH,10000.0,
913,mrpinkston109,200000,CASH,10000.0,
914,cs,200000,CASH,10000.0,
915,domenic978,200000,CASH,10000.0,
916,Widow Son,200000,CASH,10000.0,
917,JamesBondman5,200000,CASH,10000.0,
918,Andycuevas,200000,CASH,10000.0,
919,SunnyMiko,200000,CASH,10000.0,
920,bigsmoke954,200000,CASH,10000.0,
921,neba,200000,CASH,10000.0,
922,DWSK,200000,CASH,10000.0,
923,smartmes,200000,CASH,10000.0,
924,slick,200000,CASH,10000.0,
925,jamaa77,200000,CASH,10000.0,
926,Ted,200000,CASH,10000.0,
927,burnymac,200000,CASH,10000.0,
928,Slumdog Millionaire,200000,CASH,10000.0,
929,Dakarai35,200000,CASH,10000.0,
930,oneupwelds,200000,CASH,10000.0,
931,japass,200000,CASH,10000.0,
932,nmattoüîÆ,200000,CASH,10000.0,
933,ROYAL_PRINcE,200000,CASH,10000.0,
934,WeliketoPlayOptions,200000,CASH,10000.0,
935,robperez07,200000,CASH,10000.0,
936,Preston,200000,CASH,10000.0,
937,Bestkept21,200000,CASH,10000.0,
938,andregarcia210,200000,CASH,10000.0,
939,Rancho,200000,CASH,10000.0,
940,ironlion_2012,200000,CASH,10000.0,
941,markkkknyuzz,200000,CASH,10000.0,
942,jwcooper89,200000,CASH,10000.0,
943,Nayeem,200000,CASH,10000.0,
944,Jorge13,200000,CASH,10000.0,
945,Prashanth,200000,CASH,10000.0,
946,jose diaz,200000,CASH,10000.0,
947,Chris P,200000,CASH,10000.0,
948,Dino1321,200000,CASH,10000.0,
949,FreeYak,200000,CASH,10000.0,
950,jonkouzy,200000,CASH,10000.0,
951,Inder,200000,CASH,10000.0,
952,GimmeDatFire,200000,CASH,10000.0,
953,biruk,200000,CASH,10000.0,
954,rickyvelesco,200000,CASH,10000.0,
955,RyRyGuy,200000,CASH,10000.0,
956,gee ell,200000,CASH,10000.0,
957,dal,200000,CASH,10000.0,
958,H00rnyDemon,200000,CASH,10000.0,
959,Sam Rolfe,200000,CASH,10000.0,
960,TheHaitianLeo2308518,200000,CASH,10000.0,
961,paul s,200000,CASH,10000.0,
962,Welchy,200000,CASH,10000.0,
963,astroid,200000,CASH,10000.0,
964,joey11233,200000,CASH,10000.0,
965,GioTrades,200000,CASH,10000.0,
966,Krimsonre19,200000,CASH,10000.0,
967,ashcash,200000,CASH,10000.0,
968,shaylaia,200000,CASH,10000.0,
969,mattybars,200000,CASH,10000.0,
970,Engine Trades,200000,CASH,10000.0,
971,tlswogh1989,200000,CASH,10000.0,
972,Monik Doshi,200000,CASH,10000.0,
973,JuantheJohn,200000,CASH,10000.0,
974,umzee45,200000,CASH,10000.0,
975,Alex,200000,CASH,10000.0,
976,arlette,200000,CASH,10000.0,
977,trader17,200000,CASH,10000.0,
978,akshayk1216,200000,CASH,10000.0,
979,Bawk,200000,CASH,10000.0,
980,CD,200000,CASH,10000.0,
981,Schnazz1217,200000,CASH,10000.0,
982,Puma G,200000,CASH,10000.0,
983,teddy_eins,200000,CASH,10000.0,
984,mubarekmohammed,200000,CASH,10000.0,
985,cijo,200000,CASH,10000.0,
986,DapperDon,200000,CASH,10000.0,
987,sreejntu63,200000,CASH,10000.0,
988,Patron,200000,CASH,10000.0,
989,Lalo_o,200000,CASH,10000.0,
990,Hari,200000,CASH,10000.0,
991,MattG34,200000,CASH,10000.0,
992,smit patel,200000,CASH,10000.0,
993,DJM408,200000,CASH,10000.0,
994,harshdesai97,200000,CASH,10000.0,
995,hbk,200000,CASH,10000.0,
996,rashdashy,200000,CASH,10000.0,
997,AceR7983,200000,CASH,10000.0,
998,pppaolo,200000,CASH,10000.0,
999,Cor67,200000,CASH,10000.0,
1000,hugo,200000,CASH,10000.0,
1001,Andrew69,200000,CASH,10000.0,
1002,newtrader,200000,CASH,10000.0,
1003,Mondelo,200000,CASH,10000.0,
1004,rk,200000,CASH,10000.0,
1005,pacman4850,200000,CASH,10000.0,
1006,rocky,200000,CASH,10000.0,
1007,Whomping Willowüí¶üí¶üí¶üåà,200000,CASH,10000.0,
1008,Aawillia,200000,CASH,10000.0,
1009,Robert Ludwig 2847985,200000,CASH,10000.0,
1010,alex13,200000,CASH,10000.0,
1011,tsands30,200000,CASH,10000.0,
1012,Quant Data,200000,CASH,10000.0,
1013,ALL_IN,200000,CASH,10000.0,
1014,üë∫ GIOP,200000,CASH,10000.0,
1015,Deelo,200000,CASH,10000.0,
1016,kalel672,200000,CASH,10000.0,
1017,bugatchi,200000,CASH,10000.0,
1018,aydarus,200000,CASH,10000.0,
1019,Shahboz1111,200000,CASH,10000.0,
1020,522526,200000,CASH,10000.0,
1021,Creed,200000,CASH,10000.0,
1022,jAYErold,200000,CASH,10000.0,
1023,salars412,200000,CASH,10000.0,
1024,slowz,200000,CASH,10000.0,
1025,gsus,200000,CASH,10000.0,
1026,joshsantiagokc,200000,CASH,10000.0,
1027,gnestor93,200000,CASH,10000.0,
1028,Jelizondo,200000,CASH,10000.0,
1029,Lil Bear,200000,CASH,10000.0,
1030,Zach.b,200000,CASH,10000.0,
1031,makenoize,200000,CASH,10000.0,
1032,Punch_Me_,200000,CASH,10000.0,
1033,kartier trades,200000,CASH,10000.0,
1034,Vasyl Cherepanskyi,200000,CASH,10000.0,
1035,Mason,200000,CASH,10000.0,
1036,ThizizSam,200000,CASH,10000.0,
1037,Fridsonlubin01,200000,CASH,10000.0,
1038,kreekfan,200000,CASH,10000.0,
1039,rutesh6,200000,CASH,10000.0,
1040,(L$)Destro,200000,CASH,10000.0,
1041,Sunji33,200000,CASH,10000.0,
1042,gto325,200000,CASH,10000.0,
1043,Chris__,200000,CASH,10000.0,
1044,jack danielals,200000,CASH,10000.0,
1045,DylanBruns,200000,CASH,10000.0,
1046,Legend,200000,CASH,10000.0,
1047,pawnoflucifer,200000,CASH,10000.0,
1048,Nocblade,200000,CASH,10000.0,
1049,cabassie3,200000,CASH,10000.0,
1050,thran,200000,CASH,10000.0,
1051,kprime,200000,CASH,10000.0,
1052,gbmrocks,200000,CASH,10000.0,
1053,R3g3ra585,200000,CASH,10000.0,
1054,Ziggy9830,200000,CASH,10000.0,
1055,allie,200000,CASH,10000.0,
1056,GBR,200000,CASH,10000.0,
1057,MisterA,200000,CASH,10000.0,
1058,RedDot,200000,CASH,10000.0,
1059,deadtignor,200000,CASH,10000.0,
1060,_Emanuel_adeiza_,200000,CASH,10000.0,
1061,Freddy13,200000,CASH,10000.0,
1062,cm.an,200000,CASH,10000.0,
1063,Dunny,200000,CASH,10000.0,
1064,Nifforthewin,200000,CASH,10000.0,
1065,minte,200000,CASH,10000.0,
1066,headit74,200000,CASH,10000.0,
1067,4x4mgr,200000,CASH,10000.0,
1068,vlandsponger,200000,CASH,10000.0,
1069,deovolenten,200000,CASH,10000.0,
1070,tgilmore08,200000,CASH,10000.0,
1071,Manuel,200000,CASH,10000.0,
1072,playboicarlos,200000,CASH,10000.0,
1073,Santana,200000,CASH,10000.0,
1074,kkash31,200000,CASH,10000.0,
1075,estrader,200000,CASH,10000.0,
1076,edexter,200000,CASH,10000.0,
1077,Taaka 2.5,200000,CASH,10000.0,
1078,James,200000,CASH,10000.0,
1079,Adacko,200000,CASH,10000.0,
1080,Frost777,200000,CASH,10000.0,
1081,Travis_S,200000,CASH,10000.0,
1082,Hns989,200000,CASH,10000.0,
1083,harish723,200000,CASH,10000.0,
1084,conejopr24,200000,CASH,10000.0,
1085,UrHighness1,200000,CASH,10000.0,
1086,Tezrial,200000,CASH,10000.0,
1087,EventHoriz0n,200000,CASH,10000.0,
1088,nii,200000,CASH,10000.0,
1089,Coffinshape,200000,CASH,10000.0,
1090,loskee,200000,CASH,10000.0,
1091,jleon,200000,CASH,10000.0,
1092,Kayy,200000,CASH,10000.0,
1093,hype407,200000,CASH,10000.0,
1094,InTheMoney,200000,CASH,10000.0,
1095,MrClean,200000,CASH,10000.0,
1096,Mitch,200000,CASH,10000.0,
1097,Judd B,200000,CASH,10000.0,
1098,kuo95,200000,CASH,10000.0,
1099,hussien,200000,CASH,10000.0,
1100,alittlemorerock,200000,CASH,10000.0,
1101,shykeith4u,200000,CASH,10000.0,
1102,whitemamba69,200000,CASH,10000.0,
1103,roguey,200000,CASH,10000.0,
1104,rush2112,200000,CASH,10000.0,
1105,anjock18,200000,CASH,10000.0,
1106,Laidbac82,200000,CASH,10000.0,
1107,moneymaker123,200000,CASH,10000.0,
1108,MaverickDayTrader,200000,CASH,10000.0,
1109,Elexinn,200000,CASH,10000.0,
1110,Ruthless_Raptor,200000,CASH,10000.0,
1111,Mark Cyan,200000,CASH,10000.0,
1112,felixmm1217,200000,CASH,10000.0,
1113,lebanondon,200000,CASH,10000.0,
1114,Raul¬Æ,200000,CASH,10000.0,
1115,ss2747,200000,CASH,10000.0,
1116,extraincome79,200000,CASH,10000.0,
1117,ùïøùñçùñäùñïùñÜùñìùñâùñÜùñíùñÜùñì._,200000,CASH,10000.0,
1118,JBOURG608,200000,CASH,10000.0,
1119,Chas,200000,CASH,10000.0,
1120,Y0u_19,200000,CASH,10000.0,
1121,Richie48,200000,CASH,10000.0,
1122,CA$$,200000,CASH,10000.0,
1123,colt52,200000,CASH,10000.0,
1124,dgarr,200000,CASH,10000.0,
1125,xBdiez10,200000,CASH,10000.0,
1126,StrungCat,200000,CASH,10000.0,
1127,jmd1,200000,CASH,10000.0,
1128,Genzsuccess,200000,CASH,10000.0,
1129,JB30.5,200000,CASH,10000.0,
1130,nick08,200000,CASH,10000.0,
1131,ynova019,200000,CASH,10000.0,
1132,Kostar,200000,CASH,10000.0,
1133,homer,200000,CASH,10000.0,
1134,iamnew,200000,CASH,10000.0,
1135,Mari√´L,200000,CASH,10000.0,
1136,mainejr38,200000,CASH,10000.0,
1137,jstrades44,200000,CASH,10000.0,
1138,DkGrande,200000,CASH,10000.0,
1139,rick_brz,200000,CASH,10000.0,
1140,Kvn,200000,CASH,10000.0,
1141,Bry,200000,CASH,10000.0,
1142,nyctrader,200000,CASH,10000.0,
1143,Nico DiStefano,200000,CASH,10000.0,
1144,DC,200000,CASH,10000.0,
1145,SimmaDown,200000,CASH,10000.0,
1146,kent79010,200000,CASH,10000.0,
1147,MrC,200000,CASH,10000.0,
1148,helpmepls,200000,CASH,10000.0,
1149,BigLaw,200000,CASH,10000.0,
1150,üî•üí∞ùí≤ùíæùìÅùíπ ùí≤ùíæùìÅùìÅùìéüí∞üî•,200000,CASH,10000.0,
1151,gibb250,200000,CASH,10000.0,
1152,Eliot,200000,CASH,10000.0,
1153,Contreras,200000,CASH,10000.0,
1154,brazuca91,200000,CASH,10000.0,
1155,Don,200000,CASH,10000.0,
1156,APOT,200000,CASH,10000.0,
1157,sledge123,200000,CASH,10000.0,
1158,has1th,200000,CASH,10000.0,
1159,JD,200000,CASH,10000.0,
1160,fresh_niqqax7,200000,CASH,10000.0,
1161,capn‚Äô fulk,200000,CASH,10000.0,
1162,KangarooJack,200000,CASH,10000.0,
1163,dlesp001,200000,CASH,10000.0,
1164,Husan,200000,CASH,10000.0,
1165,ziz,200000,CASH,10000.0,
1166,sallybobanga,200000,CASH,10000.0,
1167,Lars.G1220,200000,CASH,10000.0,
1168,S.M.,200000,CASH,10000.0,
1169,Jae,200000,CASH,10000.0,
1170,mesh,200000,CASH,10000.0,
1171,Jawbone The Cheap,200000,CASH,10000.0,
1172,Serrated01,200000,CASH,10000.0,
1173,quantumcarl,200000,CASH,10000.0,
1174,blewis717,200000,CASH,10000.0,
1175,Tomdiggidy,200000,CASH,10000.0,
1176,Fiddler,200000,CASH,10000.0,
1177,MEE6,200000,CASH,10000.0,
1178,Noahrg4,200000,CASH,10000.0,
1179,micheal,200000,CASH,10000.0,
1180,mohammedA,200000,CASH,10000.0,
1181,Fravazquez1994,200000,CASH,10000.0,
1182,trinity,200000,CASH,10000.0,
1183,cactusjaquethedom,200000,CASH,10000.0,
1184,ridge,200000,CASH,10000.0,
1185,mharrington1731,200000,CASH,10000.0,
1186,rex,200000,CASH,10000.0,
1187,tlcaris,200000,CASH,10000.0,
1188,Karan,200000,CASH,10000.0,
1189,ecom,200000,CASH,10000.0,
1190,KHP,200000,CASH,10000.0,
1191,Ethiopia,200000,CASH,10000.0,
1192,RainMan53,200000,CASH,10000.0,
1193,elusive,200000,CASH,10000.0,
1194,MOGUL EMPIRE,200000,CASH,10000.0,
1195,Reggie J,200000,CASH,10000.0,
1196,Ramiii,200000,CASH,10000.0,
1197,Sami,200000,CASH,10000.0,
1198,Faythz50,200000,CASH,10000.0,
1199,feartheone,200000,CASH,10000.0,
1200,pete,200000,CASH,10000.0,
1201,Cam,200000,CASH,10000.0,
1202,M12,200000,CASH,10000.0,
1203,Moe,200000,CASH,10000.0,
1204,Joseph H,200000,CASH,10000.0,
1205,elledaddy,200000,CASH,10000.0,
1206,eliburch,200000,CASH,10000.0,
1207,narcan,200000,CASH,10000.0,
1208,mo23,200000,CASH,10000.0,
1209,Maldo,200000,CASH,10000.0,
1210,Scooby,200000,CASH,10000.0,
1211,cyberhmnc,200000,CASH,10000.0,
1212,Thejpg09,200000,CASH,10000.0,
1213,mikeycuz,200000,CASH,10000.0,
1214,Bobert,200000,CASH,10000.0,
1215,cesarr,200000,CASH,10000.0,
1216,Jonathan C.,200000,CASH,10000.0,
1217,scott,200000,CASH,10000.0,
1218,vapordog,200000,CASH,10000.0,
1219,Nathan C,200000,CASH,10000.0,
1220,sbt,200000,CASH,10000.0,
1221,MidNightsLight,200000,CASH,10000.0,
1222,luisroman89,200000,CASH,10000.0,
1223,GianDrast,200000,CASH,10000.0,
1224,Profit Robots Bot,200000,CASH,10000.0,
1225,RiskyBiscuitsüí∞,200000,CASH,10000.0,
1226,Titan,200000,CASH,10000.0,
1227,LuffyG,200000,CASH,10000.0,
1228,chris.upreme,200000,CASH,10000.0,
1229,why???,200000,CASH,10000.0,
1230,gg70,200000,CASH,10000.0,
1231,Derrion,200000,CASH,10000.0,
1232,chris123,200000,CASH,10000.0,
1233,frplayer,200000,CASH,10000.0,
1234,Richo,200000,CASH,10000.0,
1235,primetime21,200000,CASH,10000.0,
1236,keil,200000,CASH,10000.0,
1237,cukaumunna,200000,CASH,10000.0,
1238,Interstate56,200000,CASH,10000.0,
1239,TheProfessor,200000,CASH,10000.0,
1240,Bobias,200000,CASH,10000.0,
1241,Concrete Nasdaq,200000,CASH,10000.0,
1242,Raindropz,200000,CASH,10000.0,
1243,The Venmo,200000,CASH,10000.0,
1244,Juice,200000,CASH,10000.0,
1245,rpeta1988,200000,CASH,10000.0,
1246,MaxTak,200000,CASH,10000.0,
1247,Jmart,200000,CASH,10000.0,
1248,Waz,200000,CASH,10000.0,
1249,Zed,200000,CASH,10000.0,
1250,chikitomatador2099,200000,CASH,10000.0,
1251,jace,200000,CASH,10000.0,
1252,tradefx2success,200000,CASH,10000.0,
1253,deblabla,200000,CASH,10000.0,
1254,mal_ondamoon,200000,CASH,10000.0,
1255,Midget Spinner,200000,CASH,10000.0,
1256,taker416,200000,CASH,10000.0,
1257,cmoney,200000,CASH,10000.0,
1258,Huber9,200000,CASH,10000.0,
1259,jah_rising,200000,CASH,10000.0,
1260,4killakush,200000,CASH,10000.0,
1261,kostar,200000,CASH,10000.0,
1262,Neutron,200000,CASH,10000.0,
1263,Shamz,200000,CASH,10000.0,
1264,Monday,200000,CASH,10000.0,
1265,mrky,200000,CASH,10000.0,
1266,GodSquadMatt,200000,CASH,10000.0,
1267,salbowski,200000,CASH,10000.0,
1268,mtavis321,200000,CASH,10000.0,
1269,Nicolo Makaveli,200000,CASH,10000.0,
1270,breadwinerr,200000,CASH,10000.0,
1271,Matthan234,200000,CASH,10000.0,
1272,JordanHowell,200000,CASH,10000.0,
1273,Unparalleled,200000,CASH,10000.0,
1274,kg4,200000,CASH,10000.0,
1275,trading_minds,200000,CASH,10000.0,
1276,geilo888,200000,CASH,10000.0,
1277,ohr,200000,CASH,10000.0,
1278,adnan12,200000,CASH,10000.0,
1279,Dev Bot,200000,CASH,10000.0,
1280,meech,200000,CASH,10000.0,
1281,Astraios,200000,CASH,10000.0,
1282,-navid,200000,CASH,10000.0,
1283,kingv5120,200000,CASH,10000.0,
1284,ravi,200000,CASH,10000.0,
1285,iammams,200000,CASH,10000.0,
1286,big bruh,200000,CASH,10000.0,
1287,raj_alert,200000,CASH,10000.0,
1288,Spartan Breezy,200000,CASH,10000.0,
1289,Alexi,200000,CASH,10000.0,
1290,Sa√∫l,200000,CASH,10000.0,
1291,Ryansingh2k18,200000,CASH,10000.0,
1292,TelvinFx,200000,CASH,10000.0,
1293,Ahsan,200000,CASH,10000.0,
1294,BensonGarcia,200000,CASH,10000.0,
1295,uchirravuri,200000,CASH,10000.0,
1296,GeneB,200000,CASH,10000.0,
1297,Cole Bagozzi,200000,CASH,10000.0,
1298,paquirri,200000,CASH,10000.0,
1299,bulls‚úä,200000,CASH,10000.0,
1300,kingjon16,200000,CASH,10000.0,
1301,i.hellboy.i,200000,CASH,10000.0,
1302,Robl1979,200000,CASH,10000.0,
1303,Kshitij Dubey,200000,CASH,10000.0,
1304,king_edem,200000,CASH,10000.0,
1305,chris631,200000,CASH,10000.0,
1306,ericbn,200000,CASH,10000.0,
1307,nanak1,200000,CASH,10000.0,
1308,BurnDew,200000,CASH,10000.0,
1309,Micha3L,200000,CASH,10000.0,
1310,Utzzi,200000,CASH,10000.0,
1311,Paradine,200000,CASH,10000.0,
1312,yoseman247,200000,CASH,10000.0,
1313,Killectex00,200000,CASH,10000.0,
1314,AwezChris,200000,CASH,10000.0,
1315,sashas14,200000,CASH,10000.0,
1316,ramasandeepk,200000,CASH,10000.0,
1317,RobinhoodInvestor01,200000,CASH,10000.0,
1318,bsecount,200000,CASH,10000.0,
1319,TraderB,200000,CASH,10000.0,
1320,manjit17,200000,CASH,10000.0,
1321,Girardjustin,200000,CASH,10000.0,
1322,noaaa,200000,CASH,10000.0,
1323,DET2ATL,200000,CASH,10000.0,
1324,vbeats07,200000,CASH,10000.0,
1325,Tevin,200000,CASH,10000.0,
1326,jordrach,200000,CASH,10000.0,
1327,Nellyson,200000,CASH,10000.0,
1328,Alex‚Äôs Kicks,200000,CASH,10000.0,
1329,Chrisss_p,200000,CASH,10000.0,
1330,Memberful Bot,200000,CASH,10000.0,
1331,mattchenpeanutbrain,200000,CASH,10000.0,
1332,nip√ßja,200000,CASH,10000.0,
1333,Mason,200000,CASH,10000.0,
1334,JOYU,200000,CASH,10000.0,
1335,TuffPuppy,200000,CASH,10000.0,
1336,JAVABC,200000,CASH,10000.0,
1337,Caramel Passion,200000,CASH,10000.0,
1338,Bill D,200000,CASH,10000.0,
1339,justinbooher,200000,CASH,10000.0,
1340,kbot,200000,CASH,10000.0,
1341,jaycie,200000,CASH,10000.0,
1342,rAvI1011,200000,CASH,10000.0,
1343,SantiagoBond007,200000,CASH,10000.0,
1344,Bryn k,200000,CASH,10000.0,
1345,manny0341,200000,CASH,10000.0,
1346,sexyss,200000,CASH,10000.0,
1347,patkwaks,200000,CASH,10000.0,
1348,YAGPDB.xyz,200000,CASH,10000.0,
1349,pablovoxo,200000,CASH,10000.0,
1350,pmh,200000,CASH,10000.0,
1351,six nine sammi,200000,CASH,10000.0,
1352,dangeru55,200000,CASH,10000.0,
1353,carmine2121,200000,CASH,10000.0,
1354,alexpreme,200000,CASH,10000.0,
1355,jmart83,200000,CASH,10000.0,
1356,E12400,200000,CASH,10000.0,
1357,Rodriguez 13,200000,CASH,10000.0,
1358,Dark Knight,200000,CASH,10000.0,
1359,GOON,200000,CASH,10000.0,
1360,GT483,200000,CASH,10000.0,
1361,Deeg30,200000,CASH,10000.0,
1362,riceboy26,200000,CASH,10000.0,
1363,shanelunny14,200000,CASH,10000.0,
1364,Ahmed Ayub,200000,CASH,10000.0,
1365,DeFronzo57,200000,CASH,10000.0,
1366,SW1NDELL,200000,CASH,10000.0,
1367,shamsik13,200000,CASH,10000.0,
1368,Eddie,200000,CASH,10000.0,
1369,PaulaP,200000,CASH,10000.0,
1370,SpanBear,200000,CASH,10000.0,
1371,Hez,200000,CASH,10000.0,
1372,ziongirl,200000,CASH,10000.0,
1373,Yo_Dookie,200000,CASH,10000.0,
1374,Nish07,200000,CASH,10000.0,
1375,bumbos,200000,CASH,10000.0,
1376,Ace_Spyder,200000,CASH,10000.0,
1377,Jeevan,200000,CASH,10000.0,
1378,Adomo Blanco,200000,CASH,10000.0,
1379,Agus,200000,CASH,10000.0,
1380,CB,200000,CASH,10000.0,
1381,maxymax,200000,CASH,10000.0,
1382,suny,200000,CASH,10000.0,
1383,Tandy,200000,CASH,10000.0,
1384,djkidd206,200000,CASH,10000.0,
1385,mrchinqi,200000,CASH,10000.0,
1386,ThirstyWater,200000,CASH,10000.0,
1387,vincecarter,200000,CASH,10000.0,
1388,Taaka 2,200000,CASH,10000.0,
1389,rae,200000,CASH,10000.0,
1390,abbate,200000,CASH,10000.0,
1391,meh,200000,CASH,10000.0,
1392,JustSnowy,200000,CASH,10000.0,
1393,Bigchung,200000,CASH,10000.0,
1394,TAKE PROFITS,200000,CASH,10000.0,
1395,Money_up,200000,CASH,10000.0,
1396,Trumbo,200000,CASH,10000.0,
1397,bennyw,200000,CASH,10000.0,
1398,jaimes,200000,CASH,10000.0,
1399,Stanislavusa,200000,CASH,10000.0,
1400,Doomin,200000,CASH,10000.0,
1401,DoomeD,200000,CASH,10000.0,
1402,tdtlot,200000,CASH,10000.0,
1403,Goose,200000,CASH,10000.0,
1404,ulrichtrever,200000,CASH,10000.0,
1405,Russian,200000,CASH,10000.0,
1406,rd,200000,CASH,10000.0,
1407,moneymvp,200000,CASH,10000.0,
1408,rogerdodgee,200000,CASH,10000.0,
1409,Parthonator,200000,CASH,10000.0,
1410,Sujoy,200000,CASH,10000.0,
1411,KN,200000,CASH,10000.0,
1412,selfpaid,200000,CASH,10000.0,
1413,chino_9217,200000,CASH,10000.0,
1414,wolverine139,200000,CASH,10000.0,
1415,habitual_line-stepper,200000,CASH,10000.0,
1416,Bryan Fury,200000,CASH,10000.0,
1417,dimontrading,200000,CASH,10000.0,
1418,jayahain,200000,CASH,10000.0,
1419,OrdiNance,200000,CASH,10000.0,
1420,RetardTrader,200000,CASH,10000.0,
1421,AviiIM,200000,CASH,10000.0,
1422,player,200000,CASH,10000.0,
1423,Kenny Jankovic 2860064,200000,CASH,10000.0,
1424,poindezter,200000,CASH,10000.0,
1425,rewind,200000,CASH,10000.0,
1426,AndreSmith,200000,CASH,10000.0,
1427,chilogm1,200000,CASH,10000.0,
1428,krissyKris,200000,CASH,10000.0,
1429,nik b,200000,CASH,10000.0,
1430,Klay,200000,CASH,10000.0,
1431,rahelF,200000,CASH,10000.0,
1432,Nick313,200000,CASH,10000.0,
1433,jpetedawg,200000,CASH,10000.0,
1434,Chulbulpandey,200000,CASH,10000.0,
1435,roysrevenge,200000,CASH,10000.0,
1436,Step21,200000,CASH,10000.0,
1437,Zeprabra,200000,CASH,10000.0,
1438,Brady.Deegan,200000,CASH,10000.0,
1439,justinfune,200000,CASH,10000.0,
1440,Megpng,200000,CASH,10000.0,
1441,Tcity,200000,CASH,10000.0,
1442,sensei,200000,CASH,10000.0,
1443,shashtill,200000,CASH,10000.0,
1444,A.24,200000,CASH,10000.0,
1445,mase,200000,CASH,10000.0,
1446,vinay,200000,CASH,10000.0,
1447,jasong,200000,CASH,10000.0,
1448,HawaO,200000,CASH,10000.0,
1449,Theonlyjaypugh,200000,CASH,10000.0,
1450,Dee,200000,CASH,10000.0,
1451,DerpTrader,200000,CASH,10000.0,
1452,andrew11,200000,CASH,10000.0,
1453,PizzaKing,200000,CASH,10000.0,
1454,bread22,200000,CASH,10000.0,
1455,Draco94,200000,CASH,10000.0,
1456,Chizo,200000,CASH,10000.0,
1457,MoneyMan,200000,CASH,10000.0,
1458,Crow,200000,CASH,10000.0,
1459,Blitznogger,200000,CASH,10000.0,
1460,jcash88,200000,CASH,10000.0,
1461,marie,200000,CASH,10000.0,
1462,lowercase_capital,200000,CASH,10000.0,
1463,steve426,200000,CASH,10000.0,
1464,Brandon Fiore,200000,CASH,10000.0,
1465,yarec,200000,CASH,10000.0,
1466,absolut03,200000,CASH,10000.0,
1467,Twizzy,200000,CASH,10000.0,
1468,dirtydan93,200000,CASH,10000.0,
1469,gregorio,200000,CASH,10000.0,
1470,impostor,200000,CASH,10000.0,
1471,sonajita,200000,CASH,10000.0,
1472,n Gigante,200000,CASH,10000.0,
1473,Melz,200000,CASH,10000.0,
1474,wraithbspector,200000,CASH,10000.0,
1475,Bmaura,200000,CASH,10000.0,
1476,joemian,200000,CASH,10000.0,
1477,Dabal,200000,CASH,10000.0,
1478,goddess kam,200000,CASH,10000.0,
1479,christina,200000,CASH,10000.0,
1480,kryosyns,200000,CASH,10000.0,
1481,Mattatata19,200000,CASH,10000.0,
1482,Mr.Tommy_Aggelos,200000,CASH,10000.0,
1483,kobeast,200000,CASH,10000.0,
1484,DV,200000,CASH,10000.0,
1485,Aaron15,200000,CASH,10000.0,
1486,Ulyses,200000,CASH,10000.0,
1487,md,200000,CASH,10000.0,
1488,Dynamo üå∏,200000,CASH,10000.0,
1489,elliottworrall,200000,CASH,10000.0,
1490,Jerry515,200000,CASH,10000.0,
1491,Crafty_12,200000,CASH,10000.0,
1492,antojohnson,200000,CASH,10000.0,
1493,comaster,200000,CASH,10000.0,
1494,MF Chev.,200000,CASH,10000.0,
1495,Coronavirus (COVID-19),200000,CASH,10000.0,
1496,GimmeSum22,200000,CASH,10000.0,
1497,ED,200000,CASH,10000.0,
1498,Jag,200000,CASH,10000.0,
1499,Robbob32z,200000,CASH,10000.0,
1500,booso26,200000,CASH,10000.0,
1501,nasspaz,200000,CASH,10000.0,
1502,berolao,200000,CASH,10000.0,
1503,nf,200000,CASH,10000.0,
1504,Jaydiscor3,200000,CASH,10000.0,
1505,Capitan Mario,200000,CASH,10000.0,
1506,vinnieb523,200000,CASH,10000.0,
1507,snookslayer111,200000,CASH,10000.0,
1508,Kevnn,200000,CASH,10000.0,
1509,jancis,200000,CASH,10000.0,
1510,gabe320,200000,CASH,10000.0,
1511,Chip Chilleos,200000,CASH,10000.0,
1512,Vits86,200000,CASH,10000.0,
1513,Shahan_TSD,200000,CASH,10000.0,
1514,kyleradkins,200000,CASH,10000.0,
1515,ohthatstaam0,200000,CASH,10000.0,
1516,chris216305,200000,CASH,10000.0,
1517,mackdee,200000,CASH,10000.0,
1518,Gray1095,200000,CASH,10000.0,
1519,a.lo,200000,CASH,10000.0,
1520,tommyC,200000,CASH,10000.0,
1521,Shamar Martin,200000,CASH,10000.0,
1522,mrdpbras,200000,CASH,10000.0,
1523,ekimhey,200000,CASH,10000.0,
1524,Rich,200000,CASH,10000.0,
1525,BEATGU,200000,CASH,10000.0,
1526,QBK1229,200000,CASH,10000.0,
1527,JJ1111,200000,CASH,10000.0,
1528,crodriguezjr89,200000,CASH,10000.0,
1529,SammyG,200000,CASH,10000.0,
1530,siondaniel,200000,CASH,10000.0,
1531,AK,200000,CASH,10000.0,
1532,AlexTorr52,200000,CASH,10000.0,
1533,gnarbrandon,200000,CASH,10000.0,
1534,Moneytalk,200000,CASH,10000.0,
1535,dpeters821,200000,CASH,10000.0,
1536,Lilawah,200000,CASH,10000.0,
1537,johnny2shoes,200000,CASH,10000.0,
1538,Mo Money,200000,CASH,10000.0,
1539,kubasnkrz,200000,CASH,10000.0,
1540,etunezlmp,200000,CASH,10000.0,
1541,pacmantrader,200000,CASH,10000.0,
1542,VarTrader,200000,CASH,10000.0,
1543,mikep37,200000,CASH,10000.0,
1544,NinoEno,200000,CASH,10000.0,
1545,RazorJack,200000,CASH,10000.0,
1546,Mace0,200000,CASH,10000.0,
1547,Waves Of Pips,200000,CASH,10000.0,
1548,chasec,200000,CASH,10000.0,
1549,Sam J.,200000,CASH,10000.0,
1550,ManyWalks,200000,CASH,10000.0,
1551,Sky96,200000,CASH,10000.0,
1552,gaurnett,200000,CASH,10000.0,
1553,Semi.Bob,200000,CASH,10000.0,
1554,baythebay,200000,CASH,10000.0,
1555,Jerome898,200000,CASH,10000.0,
1556,ngs64,200000,CASH,10000.0,
1557,victor4,200000,CASH,10000.0,
1558,itbelikethat,200000,CASH,10000.0,
1559,Emmy,200000,CASH,10000.0,
1560,KayKay,200000,CASH,10000.0,
1561,Spartan 2.6,200000,CASH,10000.0,
1562,DeadDeal,200000,CASH,10000.0,
1563,ojsecurethebag,200000,CASH,10000.0,
1564,Volatility,200000,CASH,10000.0,
1565,ACTheOneAndOnly,200000,CASH,10000.0,
1566,Doktar Evil,200000,CASH,10000.0,
1567,mike,200000,CASH,10000.0,
1568,mattyg,200000,CASH,10000.0,
1569,Matt.,200000,CASH,10000.0,
1570,vj,200000,CASH,10000.0,
1571,TacoTradezüåÆ,200000,CASH,10000.0,
1572,Flyboy2marine,200000,CASH,10000.0,
1573,John Smith,200000,CASH,10000.0,
1574,gorihole,200000,CASH,10000.0,
1575,quincy82,200000,CASH,10000.0,
1576,IT,200000,CASH,10000.0,
1577,abhi,200000,CASH,10000.0,
1578,peyton181218,200000,CASH,10000.0,
1579,dru79,200000,CASH,10000.0,
1580,Dood,200000,CASH,10000.0,
1581,kool_wit_no_gang,200000,CASH,10000.0,
1582,Marvin,200000,CASH,10000.0,
1583,pikachi,200000,CASH,10000.0,
1584,Terro,200000,CASH,10000.0,
1585,Dpage44,200000,CASH,10000.0,
1586,R.A.Y.Q.U.A.Z.A.,200000,CASH,10000.0,
1587,lgirton,200000,CASH,10000.0,
1588,kazoozles,200000,CASH,10000.0,
1589,Samer91üßê,200000,CASH,10000.0,
1590,mig_uel1,200000,CASH,10000.0,
1591,Mrprosper,200000,CASH,10000.0,
1592,dfynt23,200000,CASH,10000.0,
1593,RJH,200000,CASH,10000.0,
1594,Daniel_Ganoza,200000,CASH,10000.0,
1595,akdil,200000,CASH,10000.0,
1596,Grayson,200000,CASH,10000.0,
1597,svjeller,200000,CASH,10000.0,
1598,bankroll,200000,CASH,10000.0,
1599,Alexr71,200000,CASH,10000.0,
1600,benz860,200000,CASH,10000.0,
1601,Hayes00,200000,CASH,10000.0,
1602,JLRomanTF,200000,CASH,10000.0,
1603,saeed,200000,CASH,10000.0,
1604,nana,200000,CASH,10000.0,
1605,anton.N,200000,CASH,10000.0,
1606,JasonCast,200000,CASH,10000.0,
1607,daniel.o,200000,CASH,10000.0,
1608,WrightbeachJL,200000,CASH,10000.0,
1609,buistdd,200000,CASH,10000.0,
1610,dreytradestoo,200000,CASH,10000.0,
1611,masterjess21,200000,CASH,10000.0,
1612,glokkcj,200000,CASH,10000.0,
1613,benhey,200000,CASH,10000.0,
1614,shaman,200000,CASH,10000.0,
1615,the1truejoel,200000,CASH,10000.0,
1616,yundore,200000,CASH,10000.0,
1617,RobinR,200000,CASH,10000.0,
1618,Kyy,200000,CASH,10000.0,
1619,BigLem,200000,CASH,10000.0,
1620,Decorium,200000,CASH,10000.0,
1621,Big D,200000,CASH,10000.0,
1622,hasan.u5,200000,CASH,10000.0,
1623,rtrades,200000,CASH,10000.0,
1624,biggb369,200000,CASH,10000.0,
1625,oneimani,200000,CASH,10000.0,
1626,chuck,200000,CASH,10000.0,
1627,nvrkrishna132,200000,CASH,10000.0,
1628,Nardo9999,200000,CASH,10000.0,
1629,nickb2,200000,CASH,10000.0,
1630,Alexxis,200000,CASH,10000.0,
1631,javi73,200000,CASH,10000.0,
1632,Firefox,200000,CASH,10000.0,
1633,Torres,200000,CASH,10000.0,
1634,BigCat,200000,CASH,10000.0,
1635,law,200000,CASH,10000.0,
1636,! bDno,200000,CASH,10000.0,
1637,wei,200000,CASH,10000.0,
1638,Lando Commandoz,200000,CASH,10000.0,
1639,Jaime Patino,200000,CASH,10000.0,
1640,fresnoguy,200000,CASH,10000.0,
1641,Jason Hinds,200000,CASH,10000.0,
1642,toquito19,200000,CASH,10000.0,
1643,_babyamyy,200000,CASH,10000.0,
1644,Vinnyyy,200000,CASH,10000.0,
1645,shavonneb,200000,CASH,10000.0,
1646,Vi,200000,CASH,10000.0,
1647,cscott,200000,CASH,10000.0,
1648,boi_prodigy,200000,CASH,10000.0,
1649,SilverSurfie,200000,CASH,10000.0,
1650,TheWard,200000,CASH,10000.0,
1651,Len,200000,CASH,10000.0,
1652,aria,200000,CASH,10000.0,
1653,marlonpadilha,200000,CASH,10000.0,
1654,Bosschicstrades,200000,CASH,10000.0,
1655,jesuschuchotrades,200000,CASH,10000.0,
1656,W H A L E,200000,CASH,10000.0,
1657,üåüKaaaastella üåü,200000,CASH,10000.0,
1658,KG,200000,CASH,10000.0,
1659,leo45,200000,CASH,10000.0,
1660,jahrising,200000,CASH,10000.0,
1661,joenutts3000,200000,CASH,10000.0,
1662,Justin Clark,200000,CASH,10000.0,
1663,steenschemes,200000,CASH,10000.0,
1664,django,200000,CASH,10000.0,
1665,triquee,200000,CASH,10000.0,
1666,tyloah,200000,CASH,10000.0,
1667,navEshot,200000,CASH,10000.0,
1668,sixstar,200000,CASH,10000.0,
1669,brindlepops1,200000,CASH,10000.0,
1670,markfds,200000,CASH,10000.0,
1671,luiswill77,200000,CASH,10000.0,
1672,merk,200000,CASH,10000.0,
1673,RDLandman,200000,CASH,10000.0,
1674,Sammy,200000,CASH,10000.0,
1675,printer,200000,CASH,10000.0,
1676,Owenpx,200000,CASH,10000.0,
1677,Mahesh,200000,CASH,10000.0,
1678,optionsnapper,200000,CASH,10000.0,
1679,wensleych,200000,CASH,10000.0,
1680,An,200000,CASH,10000.0,
1681,yourfavinvestor02,200000,CASH,10000.0,
1682,rfreeman8306,200000,CASH,10000.0,
1683,sutilazo,200000,CASH,10000.0,
1684,andres1400,200000,CASH,10000.0,
1685,redraider2020,200000,CASH,10000.0,
1686,matthew,200000,CASH,10000.0,
1687,dro,200000,CASH,10000.0,
1688,kendrakap,200000,CASH,10000.0,
1689,moni4u1,200000,CASH,10000.0,
1690,JATT44,200000,CASH,10000.0,
1691,wawg,200000,CASH,10000.0,
1692,Pierredylan7,200000,CASH,10000.0,
1693,Donnie860,200000,CASH,10000.0,
1694,Mr. stonk,200000,CASH,10000.0,
1695,rcoghill,200000,CASH,10000.0,
1696,Utopia Bot,200000,CASH,10000.0,
1697,rramoliya005,200000,CASH,10000.0,
1698,Meli,200000,CASH,10000.0,
1699,michaelscarnjr,200000,CASH,10000.0,
1700,zenith,200000,CASH,10000.0,
1701,Moe23,200000,CASH,10000.0,
1702,devon lamouroux,200000,CASH,10000.0,
1703,Reventing,200000,CASH,10000.0,
1704,victorasanchez,200000,CASH,10000.0,
1705,limnafi,200000,CASH,10000.0,
1706,Saleem,200000,CASH,10000.0,
1707,malicious,200000,CASH,10000.0,
1708,B4TM4N,200000,CASH,10000.0,
1709,PhilipG,200000,CASH,10000.0,
1710,Moogle0333,200000,CASH,10000.0,
1711,Dat Boy,200000,CASH,10000.0,
1712,afearon,200000,CASH,10000.0,
1713,VBMAKINGMILLIONS,200000,CASH,10000.0,
1714,fourseven,200000,CASH,10000.0,
1715,crazydaisy,200000,CASH,10000.0,
1716,Chief Kruk,200000,CASH,10000.0,
1717,Taaka 1 üòÜ,200000,CASH,10000.0,
1718,Jewman365,200000,CASH,10000.0,
1719,tone,200000,CASH,10000.0,
1720,rdorsain,200000,CASH,10000.0,
1721,hambuksha321,200000,CASH,10000.0,
1722,Master C,200000,CASH,10000.0,
1723,kadenschmidt202,200000,CASH,10000.0,
1724,Abstractician,200000,CASH,10000.0,
1725,SKT,200000,CASH,10000.0,
1726,heisenberg,200000,CASH,10000.0,
1727,Apurv278,200000,CASH,10000.0,
1728,axelplataüîë,200000,CASH,10000.0,
1729,Charlie678,200000,NUMERIC,5.0,
1730,Water Bottle,200000,CASH,10000.0,
1731,MRZM,200000,CASH,10000.0,
1732,seandon97,200000,CASH,10000.0,
1733,Kibi,200000,CASH,10000.0,
1734,Boba,200000,CASH,10000.0,
1735,mmp560,200000,CASH,10000.0,
1736,TwitchMoney6,200000,CASH,10000.0,
1737,NGV Capital,200000,CASH,10000.0,
1738,Zapier,200000,CASH,10000.0,
1739,not my name,200000,CASH,10000.0,
1740,jersey,200000,CASH,10000.0,
1741,bidzero,200000,CASH,10000.0,
1742,savannah_anderson15,200000,CASH,10000.0,
1743,Ian T.,200000,CASH,10000.0,
1744,Ahn,200000,CASH,10000.0,
1745,e10zo,200000,CASH,10000.0,
1746,Remnants,200000,CASH,10000.0,
1747,Lauro413,200000,CASH,10000.0,
1748,clh1960,200000,CASH,10000.0,
1749,hyee123,200000,CASH,10000.0,
1750,Josh13,200000,CASH,10000.0,
1751,J-Bar008,200000,CASH,10000.0,
1752,ct,200000,CASH,10000.0,
1753,MoneyMatterz,200000,CASH,10000.0,
1754,Tutie,200000,CASH,10000.0,
1755,belo_d,200000,CASH,10000.0,
1756,NJ,200000,CASH,10000.0,
1757,Mrtnarg,200000,CASH,10000.0,
1758,bill pepperson,200000,CASH,10000.0,
1759,JayTezzy,200000,CASH,10000.0,
1760,sunray,200000,CASH,10000.0,
1761,hiru,200000,CASH,10000.0,
1762,Trippyxsociety,200000,CASH,10000.0,
1763,El Cucuy,200000,CASH,10000.0,
1764,rivergambler13,200000,CASH,10000.0,
1765,stephanyb,200000,CASH,10000.0,
1766,AllCash33,200000,CASH,10000.0,
1767,pcosby11,200000,CASH,10000.0,
1768,trader,200000,CASH,10000.0,
1769,JHanu,200000,CASH,10000.0,
1770,thedivaistrading,200000,CASH,10000.0,
1771,axer,200000,CASH,10000.0,
1772,chanceüçÉ,200000,CASH,10000.0,
1773,Adrean,200000,CASH,10000.0,
1774,SSGabriel998,200000,CASH,10000.0,
1775,zetsu,200000,CASH,10000.0,
1776,zoom,200000,CASH,10000.0,
1777,bigwheelman,200000,CASH,10000.0,
1778,Christopher,200000,CASH,10000.0,
1779,thefirstunknown,200000,CASH,10000.0,
