,id,ticker,asset,symbol,quantity,date,side,trade_price,strike,bidPrice,askPrice,delta,theta,gamma,vega,description,trader,channel,time
0,98db7a8838e511eba67c3800255995ba,WMT,OPTION,WMT_021921C165,1,2/19/21,CALLS,1.74,165.0,1.59,1.74,0.186,-0.0299,0.0155,25.7597,WMT Feb 19 2021 165 Call,Zach.b,request-botü§ñ,2021-02-01 01:59:10
1,f1c3e5ec3fca11eba9e03800255995ba,WMT,OPTION,WMT_021921C165,1,2/19/21,CALLS,1.17,165.0,1.13,1.17,0.1456,-0.0287,0.0142,26.1239,WMT Feb 19 2021 165 Call,Chemo111987,request-botü§ñ,2021-02-01 01:59:10
2,8965c9a040a011ebb9703800255995ba,BABA,OPTION,BABA_021921C300,1,2/19,CALLS,5.05,300.0,5.0,5.05,0.2287,-0.0962,0.0074,36.6751,BABA Feb 19 2021 300 Call,SammySnipes,swings-üèå,2021-02-01 01:59:10
3,f9726f36446a11eba3213800255995ba,PINS,OPTION,PINS_021921C100,1,2/19,CALLS,2.04,100.0,2.0,2.04,0.1863,-0.0518,0.0118,79.3664,PINS Feb 19 2021 100 Call,TacoTradezüåÆ,general-chat-roomüó£,2021-02-01 01:59:10
4,8e19bd35452e11eb99b83800255995ba,O,OPTION,O_021921C62.5,1,2/19,CALLS,1.8,62.5,1.6,1.8,0.4031,-0.0176,0.0626,25.6956,O Feb 19 2021 62.5 Call,Engine Trades,engine-tradesüèÉüî•‚öô,2021-02-01 01:59:10
5,2f459d51456011eb92e83800255995ba,IWM,OPTION,IWM_021921P200,1,2/19,PUTS,8.7,200.0,8.65,8.7,-0.4866,-0.0717,0.0188,26.5167,IWM Feb 19 2021 200 Put,SammySnipes,sammysnipes-tradesü¶Ö,2021-02-01 01:59:10
6,21652bfa4aad11eb81bc3800255995ba,CGC,OPTION,CGC_021921C30,1,2/19,CALLS,1.24,30.0,1.11,1.24,0.2916,-0.0231,0.0482,76.5811,CGC Feb 19 2021 30 Call,SammySnipes,swings-üèå,2021-02-01 01:59:10
7,a2f9b7814abd11ebad1a3800255995ba,X,OPTION,X_020521C17.5,1,2/5,CALLS,1.47,17.5,1.29,1.47,0.5033,-0.0206,0.1015,71.5372,X Feb 5 2021 17.5 Call,Engine Trades,engine-tradesüèÉüî•‚öô,2021-02-01 01:59:10
8,47eecc384acc11eb887d3800255995ba,NNDM,OPTION,NNDM_021921C7.5,1,2/19/2021,CALLS,3.1,7.5,3.0,3.1,0.7471,-0.0174,0.0564,160.8737,NNDM Feb 19 2021 7.5 Call,TacoTradezüåÆ,general-chat-roomüó£,2021-02-01 01:59:10
9,6312f28a502e11eb87803800255995ba,TTCF,OPTION,TTCF_021921C30,1,2/19,CALLS,1.8,30.0,1.65,1.8,0.3452,-0.0346,0.0409999999999999,104.179,TTCF Feb 19 2021 30 Call,Rich,request-botü§ñ,2021-02-01 01:59:10
10,adb0d14251e811eb918f3800255995ba,AYRO,OPTION,AYRO_021921C7.5,1,02/19,CALLS,1.2,7.5,1.0,1.2,0.5003,-0.0144,0.1067,161.6218,AYRO Feb 19 2021 7.5 Call,Another Day Another Loss,general-chat-roomüó£,2021-02-01 01:59:10
11,6a95fc82543711eba98f3800255995ba,GOEV,OPTION,GOEV_021921C20,1,02/19,CALLS,1.25,20.0,1.2,1.25,0.3551,-0.0287,0.0599,0.0198,GOEV Feb 19 2021 20 Call,Another Day Another Loss,general-chat-roomüó£,2021-02-01 01:59:10
12,15307a4c54e311ebb2d13800255995ba,WMT,OPTION,WMT_021921C160,1,2/19,CALLS,1.48,160.0,1.47,1.48,0.211,-0.0464,0.0226,0.1401,WMT Feb 19 2021 160 Call,SammySnipes,swings-üèå,2021-02-01 01:59:10
13,a9e0eb7554e511eb90e23800255995ba,CGC,OPTION,CGC_021921C35,1,2/19,CALLS,2.48,35.0,2.27,2.48,0.4179,-0.0458,0.0425,0.0402,CGC Feb 19 2021 35 Call,Charlie678,request-botü§ñ,2021-02-01 01:59:10
14,3a51c6e7551011ebacfa3800255995ba,MARA,OPTION,MARA_021921C30,1,2/19,CALLS,6.4,30.0,6.15,6.4,0.5663,-0.0943,0.0201,0.0333,MARA Feb 19 2021 30 Call,TacoTradezüåÆ,request-botü§ñ,2021-02-01 01:59:10
15,4c3c97b355e111eb92443800255995ba,NNDM,OPTION,NNDM_021921C12.5,1,2/19,CALLS,1.82,12.5,1.81,1.82,0.5196,-0.0311,0.0694,0.0143,NNDM Feb 19 2021 12.5 Call,therealyoungari,request-botü§ñ,2021-02-01 01:59:10
16,f6003be85b4711ebb64e69f24171e6df,SPCE,OPTION,SPCE_021921C35,1,2/19,CALLS,2.22,35.0,2.16,2.22,0.4036,-0.0537,0.0439,0.0354,SPCE Feb 19 2021 35 Call,Engine Trades,engine-tradesü§ñ,2021-02-01 01:59:10
17,d9b561e65b5811ebb64e69f24171e6df,CCL,OPTION,CCL_021921C26,2,2/19,CALLS,0.24,26.0,0.23,0.24,0.1323,-0.0134,0.0561,0.0129,CCL Feb 19 2021 26 Call,EDü•¥,request-botü§ñ,2021-02-01 01:59:10
18,1eae25ac5c0e11ebb64e69f24171e6df,NVDA,OPTION,NVDA_020521C600,1,02/05,CALLS,2.75,600.0,2.64,2.75,0.1243,-0.2954,0.0045,0.2307,NVDA Feb 5 2021 600 Call,Eddy_Trades,request-botü§ñ,2021-02-01 01:59:10
19,fc2860185c1411ebb64e69f24171e6df,GIK,OPTION,GIK_021921C17.5,1,2/19,CALLS,1.85,17.5,1.7,1.85,0.4905,-0.0385,0.0702,0.0186,GIK Feb 19 2021 17.5 Call,SilverSurfie,request-botü§ñ,2021-02-01 01:59:10
20,8f67e0105f2111ebb64e69f24171e6df,CRM,OPTION,CRM_021921C250,1,2/19,CALLS,1.68,250.0,1.64,1.68,0.1596,-0.0982,0.0118,0.1464,CRM Feb 19 2021 250 Call,EventHoriz0n,general-chat-roomüó£,2021-02-01 01:59:10
21,f2df2ef45f4511ebb64e69f24171e6df,SPY,OPTION,SPY_020521C400,1,2/5,CALLS,0.19,400.0,0.18,0.19,0.0475,-0.0404,0.0105,0.0679,SPY Feb 5 2021 400 Call,Rich,request-botü§ñ,2021-02-01 01:59:10
22,60eefc965f4e11ebb64e69f24171e6df,VRM,OPTION,VRM_021921C40,1,2/19,CALLS,2.75,40.0,2.65,2.75,0.4808,-0.0617,0.0489,0.0409,VRM Feb 19 2021 40 Call,SammySnipes,sammysnipes-tradesü•∑üèº,2021-02-01 01:59:10
23,638369da5fe711ebb64e69f24171e6df,KO,OPTION,KO_021221C49,1,2/12,CALLS,1.21,49.0,1.2,1.21,0.509,-0.0334,0.1324,0.043,KO Feb 12 2021 49 Call,SammySnipes,swings-üèå,2021-02-01 01:59:10
24,a1bb59565fe711ebb64e69f24171e6df,KO,OPTION,KO_021221C49,1,2/12,CALLS,1.22,49.0,1.2,1.22,0.5139,-0.0341,0.1318,0.043,KO Feb 12 2021 49 Call,TacoTradezüåÆ,general-chat-roomüó£,2021-02-01 01:59:10
25,fde9606a5fe711ebb64e69f24171e6df,AAPL,OPTION,AAPL_020521C140,1,2/5,CALLS,7.5,140.0,7.4,7.5,0.6019,-0.2617,0.0261,0.0943,AAPL Feb 5 2021 140 Call,TacoTradezüåÆ,general-chat-roomüó£,2021-02-01 01:59:10
26,d15a41de5ff811ebb64e69f24171e6df,AMZN,OPTION,AMZN_021921C4000,1,2/19,CALLS,11.95,4000.0,11.55,11.95,0.0692,-1.0884,0.0003,1.1467,AMZN Feb 19 2021 4000 Call,Rich,request-botü§ñ,2021-02-01 01:59:10
27,06e78928601811ebb64e69f24171e6df,KO,OPTION,KO_021221C49.5,3,2/12,CALLS,1.16,49.5,1.11,1.16,0.4875,-0.0355,0.1297,0.0432,KO Feb 12 2021 49.5 Call,therealyoungariüå∫,request-botü§ñ,2021-02-01 01:59:10
28,64b9ef4860b111ebb64e69f24171e6df,HYLN,OPTION,HYLN_020521C20,1,02/05,CALLS,1.44,20.0,1.1,1.44,0.4341,-0.077,0.0882,0.012,HYLN Feb 5 2021 20 Call,Eddy_Trades,general-chat-roomüó£,2021-02-01 01:59:10
29,782ea36660b111ebb64e69f24171e6df,NOK,OPTION,NOK_020521C10,1,02/05,CALLS,0.97,10.0,0.94,0.97,0.4329,-0.1106,0.0879,0.0035,NOK Feb 5 2021 10 Call,Eddy_Trades,general-chat-roomüó£,2021-02-01 01:59:10
30,f37e593860c211ebb64e69f24171e6df,TEVA,OPTION,TEVA_021221C12.5,6,2/12,CALLS,0.54,12.5,0.52,0.54,0.4402,-0.0211,0.2223,0.0102,TEVA Feb 12 2021 12.5 Call,therealyoungariüå∫,request-botü§ñ,2021-02-01 01:59:10
31,d14c5ee660c711ebb64e69f24171e6df,XL,OPTION,XL_021921C25,1,2/19,CALLS,1.55,25.0,1.5,1.55,0.3534,-0.057,0.0479,0.0193,XL Feb 19 2021 25 Call,dahonam,request-botü§ñ,2021-02-01 01:59:10
32,cd18285a60d111ebb64e69f24171e6df,SLG,OPTION,SLG_021921C70,1,02/19,CALLS,5.5,70.0,1.2,5.5,0.4364,-0.0862,0.0348,0.0675,SLG Feb 19 2021 70 Call,Eddy_Trades,general-chat-roomüó£,2021-02-01 01:59:10
33,666af2fc618c11ebb64e69f24171e6df,FEYE,OPTION,FEYE_021921C25,3,2/19,CALLS,0.7,25.0,0.68,0.7,0.2652,-0.0346,0.0686,0.0173,FEYE Feb 19 2021 25 Call,therealyoungariüå∫,request-botü§ñ,2021-02-01 01:59:10
34,4d5f7228618d11ebb64e69f24171e6df,FEYE,OPTION,FEYE_021921C25,1,2/19,CALLS,0.71,25.0,0.7,0.71,0.2697,-0.0349,0.0692,0.0175,FEYE Feb 19 2021 25 Call,mxMelo,request-botü§ñ,2021-02-01 01:59:10
35,00bbe21a619911ebb64e69f24171e6df,GM,OPTION,GM_020521C52,1,2/5,CALLS,1.99,52.0,1.97,1.99,0.4863,-0.1315,0.0723,0.0316,GM Feb 5 2021 52 Call,SammySnipes,sammysnipes-tradesü•∑üèº,2021-02-01 01:59:10
36,34362ed4619911ebb64e69f24171e6df,GM,OPTION,GM_020521C52,2,2/05,CALLS,1.94,52.0,1.92,1.94,0.4772,-0.1297,0.0718,0.0315,GM Feb 5 2021 52 Call,therealyoungariüå∫,request-botü§ñ,2021-02-01 01:59:10
37,62977e16619b11ebb64e69f24171e6df,GM,OPTION,GM_021921C60,1,2/19,CALLS,1.15,60.0,1.14,1.15,0.2296,-0.063,0.0324,0.039,GM Feb 19 2021 60 Call,therealyoungariüå∫,request-botü§ñ,2021-02-01 01:59:10
38,6435263a624d11ebb64e69f24171e6df,CRON,OPTION,CRON_021921C12,1,2/19,CALLS,0.78,12.0,0.73,0.78,0.4069,-0.0249,0.1304,0.0103,CRON Feb 19 2021 12 Call,therealyoungariüå∫,request-botü§ñ,2021-02-01 01:59:10
39,557a3eca625a11ebb64e69f24171e6df,SPCE,OPTION,SPCE_020521C65,1,2/5,CALLS,2.41,65.0,2.22,2.41,0.2497,-0.3862,0.0168,0.0207,SPCE Feb 5 2021 65 Call,Dick Branson,request-botü§ñ,2021-02-01 01:59:10
40,5512d82e649a11ebb64e69f24171e6df,SPY,OPTION,SPY_020521C400,-1,02/05/21,C,0.02,400.0,0.02,0.03,0.0074,-0.0226,0.002,0.0087,SPY Feb 5 2021 400 Call,Rich,request-botü§ñ,2021-02-01 14:32:39.817396
41,e29f0ce4649a11ebb64e69f24171e6df,UBER,OPTION,UBER_021921C55,1,02/19,CALLS,2.16,55.0,2.06,2.16,0.3839,-0.0757,0.0457,0.0449,UBER Feb 19 2021 55 Call,Eddy_Trades,general-chat-roomüó£,2021-02-01 14:36:36.551052
42,a729c95e649c11ebb64e69f24171e6df,AMZN,OPTION,AMZN_021921C4000,-1,02/19/21,C,7.35,4000.0,7.35,7.8,0.049,-1.0614,0.0003,0.7469,AMZN Feb 19 2021 4000 Call,Rich,request-botü§ñ,2021-02-01 14:49:15.436054
43,a9acec06649c11ebb64e69f24171e6df,TTCF,OPTION,TTCF_021921C30,-1,02/19/21,C,0.55,30.0,0.55,0.65,0.1953,-0.0487,0.0419,0.0139,TTCF Feb 19 2021 30 Call,Rich,request-botü§ñ,2021-02-01 14:49:19.147524
44,af38edd2649c11ebb64e69f24171e6df,SPY,OPTION,SPY_021921P360,1,2/19,PUTS,5.26,360.0,5.23,5.26,-0.3015,-0.2445,0.0133,0.2935,SPY Feb 19 2021 360 Put,Rich,request-botü§ñ,2021-02-01 14:49:29.491093
45,f5f5e0e064a111ebb64e69f24171e6df,IPOE,OPTION,IPOE_021921C35,1,2/19,CALLS,2.0,35.0,1.95,2.0,0.34,-0.1026,0.0346,0.0231,IPOE Feb 19 2021 35 Call,EventHoriz0n,general-chat-roomüó£,2021-02-01 15:27:16.252956
46,b700541464a211ebb64e69f24171e6df,FUBO,OPTION,FUBO_020521C50,1,02/05,CALLS,4.9,50.0,4.85,4.9,0.4963,-0.6482,0.0265,0.0214,FUBO Feb 5 2021 50 Call,Eddy_Trades,request-botü§ñ,2021-02-01 15:32:39.891428
47,db9c55a264a211ebb64e69f24171e6df,GM,OPTION,GM_020521C52,-1,2/05,CALLS,1.04,52.0,1.04,1.07,0.4156,-0.1494,0.107,0.0225,GM Feb 5 2021 52 Call,therealyoungariüå∫,request-botü§ñ,2021-02-01 15:33:40.093706
48,ed90f57e64a211ebb64e69f24171e6df,GM,OPTION,GM_021921C60,-1,2/19,CALLS,0.68,60.0,0.68,0.7,0.1726,-0.0549,0.032,0.0295,GM Feb 19 2021 60 Call,therealyoungariüå∫,request-botü§ñ,2021-02-01 15:34:10.226741
49,06f7711a64a711ebb64e69f24171e6df,NIO,OPTION,NIO_020521P52,1,2/5,PUTS,1.15,52.0,1.13,1.15,-0.2791,-0.2263,0.0534,0.021,NIO Feb 5 2021 52 Put,EDü•¥,request-botü§ñ,2021-02-01 16:03:32.383887
50,5bdcd8e064a811ebb64e69f24171e6df,PLTR,OPTION,PLTR_021921C40,1,2/19,CALLS,1.92,40.0,1.88,1.92,0.3338,-0.0953,0.0363,0.0278,PLTR Feb 19 2021 40 Call,EventHoriz0n,general-chat-roomüó£,2021-02-01 16:13:03.268770
51,889ee59464a811ebb64e69f24171e6df,NIO,OPTION,NIO_020521P52,-1,02/05/21,P,1.27,52.0,1.27,1.33,-0.3091,-0.2287,0.0572,0.0218,NIO Feb 5 2021 52 Put,EDü•¥,general-chat-roomüó£,2021-02-01 16:14:17.660151
52,84385f3e64b311ebb64e69f24171e6df,FUBO,OPTION,FUBO_020521C50,-1,02/05/21,C,5.6,50.0,5.6,5.7,0.5594,-0.6021,0.0279,0.0224,FUBO Feb 5 2021 50 Call,Eddy_Trades,general-chat-roomüó£,2021-02-01 17:32:56.209142
53,33c9299864b811ebb64e69f24171e6df,SLG,OPTION,SLG_021921C70,-1,02/19/21,C,1.45,70.0,1.45,1.9,0.3357,-0.0854,0.0454,0.0542,SLG Feb 19 2021 70 Call,Eddy_Trades,request-botü§ñ,2021-02-01 18:06:28.725156
54,39d8298864b811ebb64e69f24171e6df,HYLN,OPTION,HYLN_020521C20,-1,02/05/21,C,0.1,20.0,0.1,0.11,0.1017,-0.0429,0.0773,0.0033,HYLN Feb 5 2021 20 Call,Eddy_Trades,request-botü§ñ,2021-02-01 18:06:37.418112
55,3ea4199a64b811ebb64e69f24171e6df,NOK,OPTION,NOK_020521C10,-1,02/05/21,C,0.07,10.0,0.07,0.08,0.0875,-0.0378,0.0721,0.0009,NOK Feb 5 2021 10 Call,Eddy_Trades,request-botü§ñ,2021-02-01 18:06:45.454737
56,da5ad64b2b3f11eba7733800255995ba,AMZN,OPTION,AMZN_031921P2000,1,03/19/21,PUTS,8.55,2000.0,7.6,8.55,-0.0259,-0.1881,0.0001,42.3138,AMZN Mar 19 2021 2000 Put,SammySnipes,swings-üèå,2021-02-01 01:59:10
57,84fbe6503e4811ebac983800255995ba,DKNG,OPTION,DKNG_052121C90,1,05/21,CALLS,1.85,90.0,1.7,1.85,0.1686,-0.0192,0.0104,71.7338,DKNG May 21 2021 90 Call,Another Day Another Loss,general-chat-roomüó£,2021-02-01 01:59:10
58,24e5dfee43a511eba6d93800255995ba,TGT,OPTION,TGT_031921C200,1,3/19,CALLS,2.17,200.0,2.14,2.17,0.1657,-0.0356,0.0096,30.8802,TGT Mar 19 2021 200 Call,SammySnipes,swings-üèå,2021-02-01 01:59:10
59,1c8995674f8011eb9bea3800255995ba,MT,OPTION,MT_031921C27,1,3/19,CALLS,1.44,27.0,1.38,1.44,0.3877,-0.0155,0.0649,53.7377,MT Mar 19 2021 27 Call,glazeddonut58,general-chat-roomüó£,2021-02-01 01:59:10
60,724abd934f9611eb90a73800255995ba,TEVA,OPTION,TEVA_031921C12,1,3/19,CALLS,0.73,12.0,0.72,0.73,0.4076,-0.0077,0.1358,58.7,TEVA Mar 19 2021 12 Call,Engine Trades,swings-üèå,2021-02-01 01:59:10
61,18a5e6e5510311eb9d443800255995ba,SNPR,OPTION,SNPR_041621C10,1,4/16,CALLS,1.5,10.0,1.4,1.5,0.8594,-0.0088,0.134,37.5677,SNPR Apr 16 2021 10 Call,SilverSurfie,request-botü§ñ,2021-02-01 01:59:10
62,318eb25351cd11eb9a1b3800255995ba,UVXY,OPTION,UVXY_061821C5,1,6/18,CALLS,5.9,5.0,5.8,5.9,0.8973,-0.0044,0.0205,123.8148,UVXY Jun 18 2021 5 Call,Shamar Martin,request-botü§ñ,2021-02-01 01:59:10
63,4f13c15e542a11eb8e743800255995ba,SNPR,OPTION,SNPR_041621C12.5,1,4/16,CALLS,1.05,12.5,0.85,1.05,0.4286,-0.0079,0.1128,0.0224,SNPR Apr 16 2021 12.5 Call,SilverSurfie,request-botü§ñ,2021-02-01 01:59:10
64,499faf83543711eb8b683800255995ba,VALE,OPTION,VALE_061821C20,1,6/18,CALLS,1.55,20.0,1.52,1.55,0.4297,-0.0058,0.0692,0.0472,VALE Jun 18 2021 20 Call,glazeddonut58,general-chat-roomüó£,2021-02-01 01:59:10
65,d97a6b825cf111ebb64e69f24171e6df,EXPR,OPTION,EXPR_071621C5,1,07/16,CALLS,0.6,5.0,0.55,0.6,0.5467,-0.0031,0.1475,0.0047,EXPR Jul 16 2021 5 Call,thepixel,general-chat-roomüó£,2021-02-01 01:59:10
66,c87cf63e5f1b11ebb64e69f24171e6df,SAVE,OPTION,SAVE_031921C30,1,3/19,CALLS,2.18,30.0,2.08,2.18,0.4397,-0.0276,0.0522,0.042,SAVE Mar 19 2021 30 Call,SammySnipes,swings-üèå,2021-02-01 01:59:10
67,1de26fb05f2f11ebb64e69f24171e6df,ICLN,OPTION,ICLN_041621C45,1,4/16,CALLS,1.05,45.0,0.9,1.05,0.1956,-0.0175,0.0267,0.0426,ICLN Apr 16 2021 45 Call,Rich,request-botü§ñ,2021-02-01 01:59:10
68,63e9daf360dd11ebb64e69f24171e6df,T,OPTION,T_031921C35,3,3/19,CALLS,0.09,35.0,0.08,0.09,0.0614,-0.0039,0.0363,0.0133,T Mar 19 2021 35 Call,EDü•¥,request-botü§ñ,2021-02-01 01:59:10
69,c445767c617d11ebb64e69f24171e6df,SPY,OPTION,SPY_031921P360,1,3/19,PUTS,8.32,360.0,8.25,8.32,-0.3004,-0.144,0.0085,0.4911,SPY Mar 19 2021 360 Put,Rich,request-botü§ñ,2021-02-01 01:59:10
70,892f3628619511ebb64e69f24171e6df,LULU,OPTION,LULU_031921C400,1,3/19,CALLS,3.7,400.0,3.5,3.7,0.1402,-0.1163,0.0041,0.2753,LULU Mar 19 2021 400 Call,Rich,request-botü§ñ,2021-02-01 01:59:10
71,7dbcb2c061a911ebb64e69f24171e6df,VXX,OPTION,VXX_031921C20,1,3/19,CALLS,3.2,20.0,3.15,3.2,0.5613,-0.0329,0.0457,0.0285,VXX Mar 19 2021 20 Call,Rich,request-botü§ñ,2021-02-01 01:59:10
72,29f22700624011ebb64e69f24171e6df,CVS,OPTION,CVS_031921C80,1,3/19,CALLS,1.25,80.0,1.17,1.25,0.2431,-0.0291,0.0351,0.084,CVS Mar 19 2021 80 Call,dahonam,request-botü§ñ,2021-02-01 01:59:10
73,cf96c30a64c511ebb64e69f24171e6df,GTE,OPTION,GTE_052121C2.5,10,05/21,CALLS,0.45,2.5,0.35,0.45,0.8115,-0.0034,0.299,0.0015,GTE May 21 2021 2.5 Call,Eddy_Trades,request-botü§ñ,2021-02-01 19:43:52.314883
74,4c0c4bbc64c611ebb64e69f24171e6df,CGC,OPTION,CGC_030521C45,2,03/05,CALLS,2.93,45.0,2.68,2.93,0.3981,-0.0695,0.0321,0.046,CGC Mar 5 2021 45 Call,Eddy_Trades,general-chat-roomüó£,2021-02-01 19:47:21.139080
75,50fd997864c611ebb64e69f24171e6df,SPCE,OPTION,SPCE_020521C65,-1,02/05/21,C,2.24,65.0,2.24,2.4,0.2965,-0.5181,0.0246,0.0215,SPCE Feb 5 2021 65 Call,Dick Branson,general-chat-roomüó£,2021-02-01 19:47:29.551886
76,72eb46ce64ef11ebb64e69f24171e6df,XL,OPTION,XL_021921C25,-1,02/19/21,C,1.65,25.0,1.65,1.7,0.3674,-0.0803,0.046,0.0172,XL Feb 19 2021 25 Call,dahonam,request-botü§ñ,2021-02-02 00:41:56.848330
77,63fecc30656711ebb64e69f24171e6df,BA,OPTION,BA_052121C300,1,5/21,CALLS,2.7,300.0,2.2,2.7,0.1047,-0.0484,0.0032,0.1989,BA May 21 2021 300 Call,Rich,request-botü§ñ,2021-02-02 15:00:31.868647
78,bceef13a656711ebb64e69f24171e6df,CGC,OPTION,CGC_030521C45,-2,03/05/21,C,3.15,45.0,3.15,4.0,0.4613,-0.0747,0.0333,0.0492,CGC Mar 5 2021 45 Call,Eddy_Trades,request-botü§ñ,2021-02-02 15:02:59.260398
79,59ecff18656811ebb64e69f24171e6df,CRSR,OPTION,CRSR_021921C55,1,2/19,CALLS,2.33,55.0,2.15,2.33,0.2717,-0.1561,0.0202,0.0282,CRSR Feb 19 2021 55 Call,Rich,request-botü§ñ,2021-02-02 15:07:23.394332
80,a24ebc18656a11ebb64e69f24171e6df,ACB,OPTION,ACB_020521C12,1,2/5,CALLS,0.58,12.0,0.57,0.58,0.4701,-0.0936,0.2299,0.0047,ACB Feb 5 2021 12 Call,Rich,request-botü§ñ,2021-02-02 15:23:43.841382
81,ccef00a8656b11ebb64e69f24171e6df,CRSR,OPTION,CRSR_021921C55,-1,02/19/21,C,1.9,55.0,1.9,2.08,0.2513,-0.1464,0.0197,0.0263,CRSR Feb 19 2021 55 Call,Rich,request-botü§ñ,2021-02-02 15:32:05.527336
82,493f893e657111ebb64e69f24171e6df,GM,OPTION,GM_021921C55,2,2/19,CALLS,1.74,55.0,1.72,1.74,0.387,-0.0754,0.0556,0.0442,GM Feb 19 2021 55 Call,Rich,request-botü§ñ,2021-02-02 16:11:21.800548
83,300970f4657311ebb64e69f24171e6df,UBER,OPTION,UBER_021921C55,-1,02/19/21,C,4.15,55.0,4.15,4.25,0.6212,-0.0878,0.0473,0.0476,UBER Feb 19 2021 55 Call,Eddy_Trades,request-botü§ñ,2021-02-02 16:24:57.386509
84,3a27c39e657b11ebb64e69f24171e6df,UAL,OPTION,UAL_021921C41,1,2/19,CALLS,1.7,41.0,1.67,1.7,0.4706,-0.0565,0.0797,0.0353,UAL Feb 19 2021 41 Call,Rich,request-botü§ñ,2021-02-02 17:22:31.596022
85,4252f174657b11ebb64e69f24171e6df,UAL,OPTION,UAL_021921C41,-1,02/19/21,C,1.67,41.0,1.67,1.7,0.4708,-0.0569,0.0797,0.0353,UAL Feb 19 2021 41 Call,Rich,request-botü§ñ,2021-02-02 17:22:43.514318
86,4639cefc657b11ebb64e69f24171e6df,UAL,OPTION,UAL_021221C41,1,2/12,CALLS,1.14,41.0,1.11,1.14,0.441,-0.0676,0.1096,0.0272,UAL Feb 12 2021 41 Call,Rich,request-botü§ñ,2021-02-02 17:22:51.056155
87,55046706657d11ebb64e69f24171e6df,ACB,OPTION,ACB_020521C12,-1,02/05/21,C,0.71,12.0,0.71,0.72,0.5778,-0.0782,0.2538,0.0048,ACB Feb 5 2021 12 Call,Rich,request-botü§ñ,2021-02-02 17:37:34.433485
88,904f8726657f11ebb64e69f24171e6df,ICLN,OPTION,ICLN_041621C45,6,4/16,CALLS,0.45,45.0,0.4,0.45,0.1136,-0.0113,0.0223,0.0267,ICLN Apr 16 2021 45 Call,Rich,request-botü§ñ,2021-02-02 17:53:34.097378
89,2165547e658111ebb64e69f24171e6df,CRM,OPTION,CRM_031921C280,1,3/19,CALLS,2.05,280.0,1.98,2.05,0.1273,-0.0776,0.0062,0.1734,CRM Mar 19 2021 280 Call,Rich,request-botü§ñ,2021-02-02 18:04:45.977855
90,4caec832658511ebb64e69f24171e6df,QS,OPTION,QS_020521C45,1,2/5,CALLS,1.35,45.0,1.3,1.35,0.3812,-0.2821,0.0714,0.0164,QS Feb 5 2021 45 Call,Rich,request-botü§ñ,2021-02-02 18:34:37.461399
91,6dbd2dac658a11ebb64e69f24171e6df,SPCE,OPTION,SPCE_021221C60,1,2/12,CALLS,2.76,60.0,2.57,2.76,0.3106,-0.2583,0.0224,0.0293,SPCE Feb 12 2021 60 Call,40YEAROLDVIRGIN,general-chat-roomüó£,2021-02-02 19:11:20.655957
92,c7e54fb6659011ebb64e69f24171e6df,SPCE,OPTION,SPCE_021221C70,1,2/12,CALLS,1.72,70.0,1.57,1.72,0.1997,-0.223,0.0163,0.0235,SPCE Feb 12 2021 70 Call,Dick Branson,general-chat-roomüó£,2021-02-02 19:56:48.724069
93,f3c50ba2659111ebb64e69f24171e6df,UPS,OPTION,UPS_021921C165,1,02/19,CALLS,2.88,165.0,2.59,2.88,0.3842,-0.0991,0.0365,0.1357,UPS Feb 19 2021 165 Call,Eddy_Trades,request-botü§ñ,2021-02-02 20:05:10.357617
94,31b6ce60659611ebb64e69f24171e6df,UAL,OPTION,UAL_021221C41,-1,02/12/21,C,1.32,41.0,1.32,1.39,0.4967,-0.0692,0.1101,0.0278,UAL Feb 12 2021 41 Call,Rich,request-botü§ñ,2021-02-02 20:35:33.452357
95,9762c3a4662c11ebb64e69f24171e6df,DKNG,OPTION,DKNG_052121C90,1,5/21,CALLS,2.76,90.0,2.46,2.76,0.2191,-0.0333,0.0118,0.0969,DKNG May 21 2021 90 Call,Eddy_Trades,general-chat-roomüó£,2021-02-03 14:32:08.945909
96,9ec45662662c11ebb64e69f24171e6df,DKNG,OPTION,DKNG_021921C65,1,02/19,CALLS,2.17,65.0,2.08,2.17,0.35,-0.1097,0.0376,0.0477,DKNG Feb 19 2021 65 Call,Eddy_Trades,general-chat-roomüó£,2021-02-03 14:32:19.760179
97,dadbf01a662c11ebb64e69f24171e6df,QS,OPTION,QS_020521C45,-1,02/05/21,C,1.35,45.0,1.35,1.5,0.4305,-0.3754,0.0872,0.0148,QS Feb 5 2021 45 Call,Rich,request-botü§ñ,2021-02-03 14:34:00.333675
98,776d1a4e662d11ebb64e69f24171e6df,DAL,OPTION,DAL_021921C40,1,2/19,CALLS,1.2,40.0,1.16,1.2,0.4279,-0.0466,0.0978,0.0328,DAL Feb 19 2021 40 Call,SammySnipes,sammysnipes-tradesü•∑üèº,2021-02-03 14:38:23.819899
99,cdbc1c78662e11ebb64e69f24171e6df,F,OPTION,F_021921C13,1,2/19,CALLS,0.21,13.0,0.2,0.21,0.2063,-0.0163,0.1493,0.0068,F Feb 19 2021 13 Call,Rich,request-botü§ñ,2021-02-03 14:47:58.044861
100,a9b450c4662f11ebb64e69f24171e6df,FCEL,OPTION,FCEL_021921C25,1,2/19,CALLS,1.81,25.0,1.73,1.81,0.4074,-0.0828,0.0554,0.0183,FCEL Feb 19 2021 25 Call,Rich,request-botü§ñ,2021-02-03 14:54:07.950679
101,a090e934663011ebb64e69f24171e6df,SPCE,OPTION,SPCE_021221C60,-1,2/12,CALLS,3.5,60.0,3.5,3.8,0.3949,-0.3041,0.0253,0.0334,SPCE Feb 12 2021 60 Call,40YEAROLDVIRGIN,general-chat-roomüó£,2021-02-03 15:01:02.788345
102,ddd40924663111ebb64e69f24171e6df,SPCE,OPTION,SPCE_021221C70,-1,02/12/21,C,1.81,70.0,1.81,2.04,0.2325,-0.2591,0.0187,0.0265,SPCE Feb 12 2021 70 Call,Dick Branson,request-botü§ñ,2021-02-03 15:09:54.197135
103,d193e268663311ebb64e69f24171e6df,SPY,OPTION,SPY_031921P360,1,3/19,PUTS,5.63,360.0,5.61,5.63,-0.2542,-0.1294,0.0091,0.4274,SPY Mar 19 2021 360 Put,Rich,request-botü§ñ,2021-02-03 15:23:51.993424
104,4ff157b2663411ebb64e69f24171e6df,F,OPTION,F_021921C13,-1,02/19/21,C,0.2,13.0,0.2,0.21,0.2053,-0.0165,0.1478,0.0067,F Feb 19 2021 13 Call,Rich,request-botü§ñ,2021-02-03 15:27:23.239798
105,ad88dcdc663511ebb64e69f24171e6df,DKNG,OPTION,DKNG_020521C60,1,02/05,CALLS,1.09,60.0,1.08,1.09,0.4127,-0.2685,0.1037,0.0197,DKNG Feb 5 2021 60 Call,Eddy_Trades,general-chat-roomüó£,2021-02-03 15:37:10.660956
106,188f084e663b11ebb64e69f24171e6df,MARA,OPTION,MARA_021921C24,1,2/19,CALLS,4.4,24.0,4.0,4.4,0.5954,-0.1265,0.0362,0.02,MARA Feb 19 2021 24 Call,TacoTradezüåÆ,general-chat-roomüó£,2021-02-03 16:15:58.374843
107,344a3284663b11ebb64e69f24171e6df,SNOW,OPTION,SNOW_021221C330,1,02/12,CALLS,9.0,330.0,8.3,9.0,0.333,-0.7705,0.0086,0.1825,SNOW Feb 12 2021 330 Call,Eddy_Trades,general-chat-roomüó£,2021-02-03 16:16:43.584199
108,3536099a663e11ebb64e69f24171e6df,CRM,OPTION,CRM_031921C280,1,3/19,CALLS,1.9,280.0,1.51,1.9,0.1144,-0.0706,0.006,0.1587,CRM Mar 19 2021 280 Call,Rich,request-botü§ñ,2021-02-03 16:38:14.097100
109,ba9b9b80663f11ebb64e69f24171e6df,PLUG,OPTION,PLUG_021221C70,1,2/12,CALLS,2.18,70.0,2.1,2.18,0.3453,-0.1961,0.036,0.0389,PLUG Feb 12 2021 70 Call,Rich,request-botü§ñ,2021-02-03 16:49:08.362459
110,bc0e9e22663f11ebb64e69f24171e6df,DKNG,OPTION,DKNG_052121C90,1,05/21,CALLS,2.49,90.0,2.27,2.49,0.2089,-0.0323,0.0119,0.0932,DKNG May 21 2021 90 Call,Eddy_Trades,request-botü§ñ,2021-02-03 16:49:09.284011
111,46b331d6664111ebb64e69f24171e6df,FCEL,OPTION,FCEL_021921C25,2,2/19,CALLS,1.54,25.0,1.51,1.54,0.3809,-0.0772,0.0562,0.0176,FCEL Feb 19 2021 25 Call,Rich,request-botü§ñ,2021-02-03 17:00:12.099383
112,1cfed780664311ebb64e69f24171e6df,EBAY,OPTION,EBAY_020521C61,1,2/5,CALLS,1.12,61.0,1.1,1.12,0.3369,-0.3551,0.0697,0.0183,EBAY Feb 5 2021 61 Call,Rich,request-botü§ñ,2021-02-03 17:13:20.995432
113,edd294d0664511ebb64e69f24171e6df,GM,OPTION,GM_021921C55,-2,02/19/21,C,2.07,55.0,2.07,2.1,0.448,-0.0794,0.0595,0.0454,GM Feb 19 2021 55 Call,Rich,request-botü§ñ,2021-02-03 17:33:30.967828
114,6670ffa6664811ebb64e69f24171e6df,AAPL,OPTION,AAPL_021921C135,1,2/19,CALLS,3.65,135.0,3.6,3.65,0.5199,-0.102,0.0449,0.1151,AAPL Feb 19 2021 135 Call,TacoTradezüåÆ,general-chat-roomüó£,2021-02-03 17:51:11.664644
115,ce140d92664811ebb64e69f24171e6df,IPOE,OPTION,IPOE_021921C35,-1,02/19/21,C,0.54,35.0,0.54,0.56,0.1612,-0.0543,0.0333,0.0131,IPOE Feb 19 2021 35 Call,EventHoriz0n,general-chat-roomüó£,2021-02-03 17:54:04.783966
116,20c6394e665211ebb64e69f24171e6df,SNOW,OPTION,SNOW_021221C330,-1,02/12/21,C,8.1,330.0,8.1,8.5,0.334,-0.7558,0.009,0.1833,SNOW Feb 12 2021 330 Call,Eddy_Trades,general-chat-roomüó£,2021-02-03 19:00:50.793854
117,0dc939be665b11ebb64e69f24171e6df,EBAY,OPTION,EBAY_020521C61,-1,02/05/21,C,0.98,61.0,0.98,1.02,0.3174,-0.3374,0.0715,0.0178,EBAY Feb 5 2021 61 Call,Rich,request-botü§ñ,2021-02-03 20:04:44.042452
118,2ddd360e665d11ebb64e69f24171e6df,PLUG,OPTION,PLUG_021221C70,-1,02/12/21,C,3.1,70.0,3.1,3.25,0.4387,-0.2254,0.037,0.0432,PLUG Feb 12 2021 70 Call,Rich,request-botü§ñ,2021-02-03 20:19:55.958012
119,a993b9da665d11ebb64e69f24171e6df,T,OPTION,T_030521C30.5,1,3/5,CALLS,0.18,30.5,0.17,0.18,0.1753,-0.0082,0.1351,0.0214,T Mar 5 2021 30.5 Call,dahonam,general-chat-roomüó£,2021-02-03 20:23:23.725641
120,226660a0665f11ebb64e69f24171e6df,FCEL,OPTION,FCEL_021921C25,-3,02/19/21,C,1.85,25.0,1.85,1.9,0.434,-0.0806,0.0569,0.0191,FCEL Feb 19 2021 25 Call,Rich,request-botü§ñ,2021-02-03 20:33:55.738878
121,8f134972666211ebb64e69f24171e6df,F,OPTION,F_021921C13,1,2/19,CALLS,0.21,13.0,0.2,0.21,0.2093,-0.0162,0.1536,0.0069,F Feb 19 2021 13 Call,Rich,request-botü§ñ,2021-02-03 20:58:27.689423
122,9c1dacd4666211ebb64e69f24171e6df,SPCE,OPTION,SPCE_020521P52,1,2/5,PUTS,0.98,52.0,0.85,0.98,-0.2117,-0.3941,0.0404,0.0142,SPCE Feb 5 2021 52 Put,Dick Branson,general-chat-roomüó£,2021-02-03 20:58:48.107235
123,abf6791866f511ebb64e69f24171e6df,DKNG,OPTION,DKNG_020521C60,-1,02/05,CALLS,2.19,60.0,2.19,2.26,0.7395,-0.2892,0.1105,0.0136,DKNG Feb 5 2021 60 Call,Eddy_Trades,request-botü§ñ,2021-02-04 14:31:32.374045
124,d79251a066f511ebb64e69f24171e6df,UPS,OPTION,UPS_021921C165,-1,02/19/21,C,1.26,165.0,1.26,1.7,0.2741,-0.0914,0.0369,0.11,UPS Feb 19 2021 165 Call,Eddy_Trades,request-botü§ñ,2021-02-04 14:32:43.681008
125,659144f666f711ebb64e69f24171e6df,MRNA,OPTION,MRNA_020521C180,1,02/05,CALLS,1.0,180.0,0.5,1.0,0.1511,-0.6085,0.0239,0.027,MRNA Feb 5 2021 180 Call,Eddy_Trades,general-chat-roomüó£,2021-02-04 14:43:52.127498
126,3131c54466f911ebb64e69f24171e6df,SNAP,OPTION,SNAP_021921C65,1,02/19,CALLS,3.05,65.0,2.97,3.05,0.3829,-0.1533,0.0303,0.0472,SNAP Feb 19 2021 65 Call,Eddy_Trades,general-chat-roomüó£,2021-02-04 14:56:43.304785
127,a165d07666f911ebb64e69f24171e6df,SNAP,OPTION,SNAP_021921C65,1,2/19,CALLS,3.1,65.0,2.91,3.1,0.383,-0.1535,0.0303,0.0472,SNAP Feb 19 2021 65 Call,cca3,general-chat-roomüó£,2021-02-04 14:59:50.971984
128,b4a8256c66f911ebb64e69f24171e6df,T,OPTION,T_021921C29,1,2/19,CALLS,0.34,29.0,0.31,0.34,0.382,-0.015,0.3055,0.0226,T Feb 19 2021 29 Call,40YEAROLDVIRGIN,general-chat-roomüó£,2021-02-04 15:00:23.351129
129,e3b32a5066f911ebb64e69f24171e6df,DKNG,OPTION,DKNG_021221C70,1,2/12,CALLS,0.79,70.0,0.78,0.79,0.186,-0.1226,0.0336,0.0256,DKNG Feb 12 2021 70 Call,Rich,request-botü§ñ,2021-02-04 15:01:43.080679
130,24a91b2866fa11ebb64e69f24171e6df,NIO,OPTION,NIO_021221C65,1,2/12,CALLS,0.87,65.0,0.85,0.87,0.2179,-0.1258,0.0397,0.0265,NIO Feb 12 2021 65 Call,Rich,request-botü§ñ,2021-02-04 15:03:32.196294
131,04e239b866fb11ebb64e69f24171e6df,PLUG,OPTION,PLUG_021221C75,1,2/12,CALLS,2.3,75.0,2.2,2.3,0.3452,-0.223,0.0348,0.0397,PLUG Feb 12 2021 75 Call,Rich,request-botü§ñ,2021-02-04 15:09:47.928394
132,a3d990d466fb11ebb64e69f24171e6df,SPCE,OPTION,SPCE_020521C60,1,2/5,CALLS,1.26,60.0,1.21,1.26,0.304,-0.7169,0.0516,0.0133,SPCE Feb 5 2021 60 Call,Dick Branson,general-chat-roomüó£,2021-02-04 15:14:14.630566
133,79d57fb866fc11ebb64e69f24171e6df,TSLA,OPTION,TSLA_021221C900,1,2/12,CALLS,8.85,900.0,8.65,8.85,0.2283,-1.2094,0.0044,0.3933,TSLA Feb 12 2021 900 Call,Rich,request-botü§ñ,2021-02-04 15:20:13.603593
134,bcd49cbc66fd11ebb64e69f24171e6df,F,OPTION,F_021921C13,-1,02/19/21,C,0.22,13.0,0.22,0.23,0.2256,-0.0178,0.161,0.0071,F Feb 19 2021 13 Call,Rich,request-botü§ñ,2021-02-04 15:29:15.284052
135,9d4efd0e66ff11ebb64e69f24171e6df,TLRY,OPTION,TLRY_021221C30,1,2/12,CALLS,1.03,30.0,0.98,1.03,0.2743,-0.1223,0.049,0.0127,TLRY Feb 12 2021 30 Call,Dick Branson,general-chat-roomüó£,2021-02-04 15:42:42.465576
136,aa359aa2670711ebb64e69f24171e6df,SPCE,OPTION,SPCE_020521P52,-1,2/5,PUTS,0.6,52.0,0.6,0.68,-0.226,-0.4279,0.064,0.0113,SPCE Feb 5 2021 52 Put,Dick Branson,request-botü§ñ,2021-02-04 16:40:20.348884
137,d897a6a6670711ebb64e69f24171e6df,SPCE,OPTION,SPCE_020521C60,-1,2/5,CALLS,0.63,60.0,0.63,0.69,0.2169,-0.4961,0.0526,0.011,SPCE Feb 5 2021 60 Call,Dick Branson,request-botü§ñ,2021-02-04 16:41:36.489457
138,e6d94256670711ebb64e69f24171e6df,PTON,OPTION,PTON_021921C200,1,2/19,CALLS,1.2,200.0,1.16,1.2,0.0935,-0.1531,0.0058,0.0531,PTON Feb 19 2021 200 Call,Rich,request-botü§ñ,2021-02-04 16:42:00.473940
139,fd0c0216670711ebb64e69f24171e6df,SPCE,OPTION,SPCE_020521C70,1,2/05,CALLS,0.2,70.0,0.16,0.2,0.0564,-0.2655,0.0144,0.0042,SPCE Feb 5 2021 70 Call,40YEAROLDVIRGIN,general-chat-roomüó£,2021-02-04 16:42:37.651735
140,0bd0e2d0670811ebb64e69f24171e6df,SPCE,OPTION,SPCE_021221C70,1,2/12,CALLS,1.9,70.0,1.74,1.9,0.2339,-0.268,0.0203,0.0261,SPCE Feb 12 2021 70 Call,40YEAROLDVIRGIN,general-chat-roomüó£,2021-02-04 16:43:02.504669
141,19fcecc8670811ebb64e69f24171e6df,SPCE,OPTION,SPCE_020521C70,-1,2/05,CALLS,0.16,70.0,0.16,0.2,0.0565,-0.2679,0.0144,0.0043,SPCE Feb 5 2021 70 Call,40YEAROLDVIRGIN,general-chat-roomüó£,2021-02-04 16:43:26.220677
142,414efaf4670911ebb64e69f24171e6df,DKNG,OPTION,DKNG_021221C63,1,02/12,CALLS,2.11,63.0,2.06,2.11,0.4541,-0.1483,0.0607,0.0378,DKNG Feb 12 2021 63 Call,Eddy_Trades,general-chat-roomüó£,2021-02-04 16:51:42.245204
143,98b131e4670a11ebb64e69f24171e6df,DKNG,OPTION,DKNG_021221C63,1,2/12,CALLS,2.27,63.0,2.19,2.27,0.4688,-0.1486,0.061,0.0381,DKNG Feb 12 2021 63 Call,SammySnipes,sammysnipes-tradesü•∑üèº,2021-02-04 17:01:18.395958
144,baed57d8670a11ebb64e69f24171e6df,MRNA,OPTION,MRNA_020521C180,-1,02/05/21,C,1.12,180.0,1.12,1.34,0.2325,-0.8453,0.0328,0.0358,MRNA Feb 5 2021 180 Call,Eddy_Trades,request-botü§ñ,2021-02-04 17:02:15.026822
145,bccbb428670a11ebb64e69f24171e6df,TSLA,OPTION,TSLA_021221C900,-1,02/12/21,C,7.65,900.0,7.65,7.8,0.2114,-1.1167,0.0043,0.3753,TSLA Feb 12 2021 900 Call,Rich,request-botü§ñ,2021-02-04 17:02:18.155953
146,8775edd2670c11ebb64e69f24171e6df,DKNG,OPTION,DKNG_021221C63,1,2/12,CALLS,2.11,63.0,2.09,2.11,0.4552,-0.1438,0.0612,0.0378,DKNG Feb 12 2021 63 Call,cca3,general-chat-roomüó£,2021-02-04 17:15:09.290243
147,3edb7168670d11ebb64e69f24171e6df,NFLX,OPTION,NFLX_020521C570,1,2/5,CALLS,0.8,570.0,0.65,0.8,0.0919,-0.8148,0.0096,0.0611,NFLX Feb 5 2021 570 Call,Rich,request-botü§ñ,2021-02-04 17:20:16.139006
148,4fe4abde671011ebb64e69f24171e6df,NFLX,OPTION,NFLX_020521C570,-1,02/05/21,C,1.01,570.0,1.01,1.23,0.1391,-1.0756,0.0138,0.0829,NFLX Feb 5 2021 570 Call,Rich,general-chat-roomüó£,2021-02-04 17:42:13.011961
149,6c85eb44671111ebb64e69f24171e6df,DKNG,OPTION,DKNG_021221C65,1,2/12,CALLS,1.46,65.0,1.45,1.46,0.347,-0.1449,0.0558,0.0352,DKNG Feb 12 2021 65 Call,Dick Branson,request-botü§ñ,2021-02-04 17:50:11.748456
150,17b3a56a671211ebb64e69f24171e6df,BYND,OPTION,BYND_021921C200,1,2/19,CALLS,2.94,200.0,2.71,2.94,0.1988,-0.2457,0.0102,0.0997,BYND Feb 19 2021 200 Call,Rich,request-botü§ñ,2021-02-04 17:54:57.894815
151,91ade3d8671411ebb64e69f24171e6df,PINS,OPTION,PINS_021221C80,1,2/12,CALLS,5.45,80,5.25,5.45,0.4806,-0.381,0.0246,0.0475,PINS Feb 12 2021 80 Call,TacoTradezüåÆ,general-chat-roomüó£,2021-02-04 18:12:41.556168
